Date,SPX Index,USGG10YR Index,USDMXN Curncy,XAU Curncy
2015-01-02,2010.76,2.031,14.5307,1190.62
2015-01-05,2008.79,2.076,14.4804,1203.54
2015-01-06,2022.65,2.099,14.4296,1203.26
2015-01-07,2054.51,2.059,14.3101,1201.23
2015-01-08,2050.53,2.052,14.4912,1203.66
2015-01-09,2046.55,2.052,14.4937,1191.63
2015-01-12,2079.96,2.073,14.4721,1189.91
2015-01-13,2096.82,2.096,14.3794,1198.27
2015-01-14,2087.84,2.071,14.6791,1205.58
2015-01-15,2100.03,2.074,14.5704,1203.01
2015-01-16,2091.16,2.09,14.5279,1205.73
2015-01-19,2082.28,2.141,14.5714,1197.17
2015-01-20,2088.16,2.166,14.634,1205.14
2015-01-21,2049.4,2.193,14.7336,1204.66
2015-01-22,2015.16,2.196,14.9224,1202.03
2015-01-23,2004.66,2.246,14.9766,1198.48
2015-01-26,1985.26,2.26,14.8675,1198.16
2015-01-27,1992.3,2.23,14.8419,1193.7
2015-01-28,1975.08,2.279,14.8751,1201.15
2015-01-29,1948.16,2.304,15.0933,1197.25
2015-01-30,1977.72,2.288,14.9475,1214.9
2015-02-02,1974.05,2.271,15.0751,1231.4
2015-02-03,1976.17,2.282,15.0953,1221.92
2015-02-04,1949.0,2.298,15.1853,1223.05
2015-02-05,1939.19,2.305,15.1757,1216.28
2015-02-06,1942.12,2.316,15.0876,1213.07
2015-02-09,1920.66,2.375,15.1684,1235.5
2015-02-10,1928.66,2.413,15.2392,1232.46
2015-02-11,1917.88,2.42,15.3445,1236.83
2015-02-12,1913.06,2.453,15.3443,1243.24
2015-02-13,1902.34,2.417,15.2812,1232.47
2015-02-16,1938.68,2.431,15.1166,1223.39
2015-02-17,1939.2,2.494,15.2048,1210.54
2015-02-18,1919.56,2.486,15.2512,1201.29
2015-02-19,1936.19,2.457,15.1496,1171.22
2015-02-20,1913.46,2.434,15.0938,1177.32
2015-02-23,1918.23,2.396,15.0458,1199.65
2015-02-24,1881.76,2.369,14.8916,1201.61
2015-02-25,1857.67,2.356,14.8078,1186.75
2015-02-26,1862.08,2.306,14.6919,1180.26
2015-02-27,1876.63,2.307,14.6507,1175.74
2015-03-02,1880.6,2.339,14.5763,1165.38
2015-03-03,1879.18,2.307,14.4124,1174.78
2015-03-04,1874.28,2.36,14.6191,1183.74
2015-03-05,1847.51,2.378,14.749,1171.84
2015-03-06,1834.99,2.414,14.67,1179.87
2015-03-09,1827.29,2.391,14.6991,1196.55
2015-03-10,1847.45,2.421,14.7433,1217.58
2015-03-11,1854.55,2.383,14.868,1249.76
2015-03-12,1822.87,2.414,14.7842,1240.03
2015-03-13,1829.52,2.42,14.8988,1272.34
2015-03-16,1823.21,2.44,14.843,1268.67
2015-03-17,1811.64,2.399,14.706,1262.3
2015-03-18,1823.48,2.367,14.7819,1266.4
2015-03-19,1843.12,2.388,14.9173,1260.16
2015-03-20,1861.11,2.355,15.1912,1265.08
2015-03-23,1846.29,2.371,15.0654,1250.51
2015-03-24,1841.33,2.324,15.1405,1248.2
2015-03-25,1848.18,2.353,15.0983,1263.1
2015-03-26,1867.04,2.31,15.1825,1262.83
2015-03-27,1858.86,2.33,15.0283,1264.82
2015-03-30,1856.15,2.352,14.8972,1270.63
2015-03-31,1836.47,2.327,14.8177,1284.47
2015-04-01,1815.35,2.348,14.8271,1265.86
2015-04-02,1830.9,2.357,14.7619,1272.92
2015-04-03,1856.64,2.338,14.8313,1270.23
2015-04-06,1856.05,2.303,14.9395,1272.52
2015-04-07,1875.52,2.234,15.0035,1285.1
2015-04-08,1883.06,2.246,15.1757,1271.74
2015-04-09,1871.7,2.192,15.2212,1260.58
2015-04-10,1879.23,2.195,15.0933,1239.19
2015-04-13,1909.12,2.186,15.2392,1233.45
2015-04-14,1909.2,2.21,15.176,1248.68
2015-04-15,1940.08,2.199,15.2743,1247.7
2015-04-16,1890.67,2.188,15.4447,1233.11
2015-04-17,1907.04,2.213,15.4954,1228.1
2015-04-20,1909.47,2.225,15.3352,1212.13
2015-04-21,1904.53,2.236,15.2382,1200.28
2015-04-22,1907.04,2.253,15.3811,1204.85
2015-04-23,1870.26,2.199,15.3642,1192.54
2015-04-24,1866.9,2.226,15.374,1204.91
2015-04-27,1874.33,2.247,15.4571,1204.5
2015-04-28,1902.99,2.212,15.5338,1205.79
2015-04-29,1893.91,2.203,15.5654,1203.13
2015-04-30,1879.42,2.202,15.544,1211.89
2015-05-01,1870.76,2.197,15.5112,1220.83
2015-05-04,1888.72,2.209,15.6059,1224.88
2015-05-05,1895.69,2.259,15.6677,1231.49
2015-05-06,1886.43,2.297,15.6408,1229.51
2015-05-07,1896.9,2.251,15.761,1235.9
2015-05-08,1899.5,2.273,15.748,1232.52
2015-05-11,1918.76,2.319,15.6557,1232.91
2015-05-12,1906.09,2.333,15.574,1230.24
2015-05-13,1900.62,2.371,15.4689,1225.55
2015-05-14,1893.94,2.442,15.4406,1218.34
2015-05-15,1867.17,2.478,15.5758,1223.85
2015-05-18,1873.46,2.486,15.4895,1238.74
2015-05-19,1879.1,2.523,15.5112,1252.24
2015-05-20,1879.95,2.528,15.4413,1238.53
2015-05-21,1876.3,2.529,15.4144,1253.36
2015-05-22,1850.67,2.517,15.2536,1250.15
2015-05-25,1843.64,2.572,15.2312,1257.31
2015-05-26,1838.06,2.543,15.2118,1247.47
2015-05-27,1824.11,2.597,15.2707,1249.44
2015-05-28,1821.9,2.614,15.2958,1253.35
2015-05-29,1830.0,2.565,15.1692,1237.08
2015-06-01,1865.6,2.578,15.286,1244.25
2015-06-02,1869.6,2.505,15.3098,1259.79
2015-06-03,1875.17,2.527,15.3323,1258.19
2015-06-04,1874.53,2.558,15.3325,1274.07
2015-06-05,1839.64,2.537,15.2783,1272.27
2015-06-08,1839.89,2.541,15.3028,1282.42
2015-06-09,1841.73,2.61,15.355,1257.45
2015-06-10,1888.42,2.592,15.1696,1285.51
2015-06-11,1885.54,2.555,15.1137,1303.32
2015-06-12,1891.99,2.607,15.088,1300.37
2015-06-15,1892.09,2.676,15.1163,1277.88
2015-06-16,1870.86,2.676,15.2443,1281.58
2015-06-17,1893.12,2.711,15.1634,1265.41
2015-06-18,1908.17,2.758,15.1118,1270.87
2015-06-19,1924.09,2.733,15.0589,1275.97
2015-06-22,1907.44,2.716,14.9759,1265.58
2015-06-23,1935.16,2.759,14.9407,1278.8
2015-06-24,1908.98,2.818,15.0227,1288.49
2015-06-25,1920.99,2.837,14.9135,1300.25
2015-06-26,1964.31,2.807,14.9595,1300.74
2015-06-29,1945.73,2.876,14.7835,1284.66
2015-06-30,1935.52,2.858,14.7267,1296.41
2015-07-01,1938.22,2.846,14.6939,1293.64
2015-07-02,1929.26,2.858,14.8684,1277.95
2015-07-03,1900.33,2.913,14.841,1293.98
2015-07-06,1902.4,2.943,14.6153,1319.06
2015-07-07,1883.05,2.957,14.4133,1318.96
2015-07-08,1892.75,2.973,14.4179,1345.25
2015-07-09,1876.17,2.975,14.4812,1346.76
2015-07-10,1906.24,2.995,14.5204,1342.56
2015-07-13,1892.13,2.906,14.5386,1335.36
2015-07-14,1886.8,2.896,14.6586,1355.59
2015-07-15,1902.97,2.904,14.6045,1346.51
2015-07-16,1880.44,2.864,14.6974,1355.86
2015-07-17,1885.48,2.878,14.5316,1349.45
2015-07-20,1911.05,2.87,14.441,1344.28
2015-07-21,1881.33,2.932,14.2607,1357.21
2015-07-22,1885.56,2.987,14.2344,1352.98
2015-07-23,1891.22,2.971,14.2309,1348.46
2015-07-24,1906.83,2.966,14.2434,1362.69
2015-07-27,1884.14,2.963,14.2507,1382.84
2015-07-28,1860.17,2.947,14.1596,1391.3
2015-07-29,1870.65,2.954,14.1419,1383.54
2015-07-30,1876.97,2.928,13.9956,1377.61
2015-07-31,1882.43,2.888,14.1309,1379.02
2015-08-03,1889.72,2.91,14.102,1383.42
2015-08-04,1877.66,2.932,14.055,1371.59
2015-08-05,1882.78,2.904,14.2133,1380.96
2015-08-06,1889.06,2.935,14.0914,1382.43
2015-08-07,1876.36,2.913,13.9819,1361.66
2015-08-10,1912.47,2.922,13.8761,1350.73
2015-08-11,1922.32,2.951,13.8707,1345.02
2015-08-12,1900.31,2.95,13.9137,1344.54
2015-08-13,1913.6,2.966,13.9871,1368.01
2015-08-14,1895.79,2.948,14.2423,1371.35
2015-08-17,1911.54,2.941,14.021,1361.42
2015-08-18,1934.59,2.934,14.082,1364.54
2015-08-19,1919.54,2.908,14.0283,1360.63
2015-08-20,1938.9,2.902,13.9719,1365.02
2015-08-21,1947.7,2.847,13.9125,1372.58
2015-08-24,1964.56,2.83,13.8254,1388.02
2015-08-25,2002.98,2.82,13.9905,1388.13
2015-08-26,1998.87,2.811,14.0744,1409.18
2015-08-27,1984.66,2.803,14.0778,1421.17
2015-08-28,1967.87,2.801,14.2127,1412.58
2015-08-31,1952.66,2.818,14.0642,1441.39
2015-09-01,1951.94,2.848,13.9349,1446.07
2015-09-02,1959.39,2.826,13.7251,1435.67
2015-09-03,1965.61,2.784,13.6592,1457.62
2015-09-04,1982.73,2.747,13.6758,1485.58
2015-09-07,1983.78,2.73,13.6867,1485.59
2015-09-08,2013.63,2.718,13.7021,1479.31
2015-09-09,2009.11,2.691,13.5685,1477.46
2015-09-10,2065.34,2.646,13.6461,1487.44
2015-09-11,2079.13,2.63,13.6701,1505.1
2015-09-14,2062.21,2.636,13.7415,1513.3
2015-09-15,2041.06,2.657,13.5618,1515.14
2015-09-16,2051.75,2.638,13.5924,1536.17
2015-09-17,2047.99,2.623,13.481,1532.31
2015-09-18,2063.49,2.591,13.4446,1547.06
2015-09-21,2074.11,2.59,13.4961,1543.51
2015-09-22,2073.43,2.56,13.5058,1549.98
2015-09-23,2056.77,2.58,13.4266,1548.86
2015-09-24,2026.66,2.518,13.4282,1548.55
2015-09-25,2018.43,2.505,13.2861,1543.76
2015-09-28,2036.61,2.516,13.3946,1563.03
2015-09-29,2041.79,2.522,13.3764,1553.22
2015-09-30,2017.32,2.617,13.4827,1543.37
2015-10-01,2021.62,2.629,13.4341,1573.58
2015-10-02,2030.24,2.594,13.3861,1587.97
2015-10-05,2013.18,2.591,13.3157,1554.71
2015-10-06,2017.08,2.528,13.3987,1547.28
2015-10-07,2019.07,2.526,13.3334,1522.71
2015-10-08,1996.92,2.497,13.3948,1510.19
2015-10-09,2004.88,2.529,13.36,1468.57
2015-10-12,2016.96,2.51,13.1775,1467.2
2015-10-13,2039.74,2.505,13.1261,1452.64
2015-10-14,2062.17,2.483,13.0192,1453.86
2015-10-15,2034.77,2.544,13.0234,1433.18
2015-10-16,2016.58,2.533,12.9163,1434.68
2015-10-19,2027.81,2.597,13.0014,1429.76
2015-10-20,2039.07,2.626,12.9941,1449.65
2015-10-21,2050.42,2.643,12.979,1468.62
2015-10-22,2131.81,2.656,13.0398,1479.48
2015-10-23,2144.87,2.669,13.1291,1475.58
2015-10-26,2170.23,2.602,13.1283,1502.64
2015-10-27,2191.91,2.592,13.0587,1482.23
2015-10-28,2207.12,2.622,12.8986,1464.06
2015-10-29,2201.05,2.62,12.8378,1463.39
2015-10-30,2218.71,2.571,12.7835,1493.83
2015-11-02,2202.51,2.569,12.7941,1491.56
2015-11-03,2198.18,2.629,12.7642,1489.55
2015-11-04,2188.41,2.673,12.8269,1470.79
2015-11-05,2191.08,2.671,12.773,1483.81
2015-11-06,2243.28,2.704,12.7689,1497.04
2015-11-09,2202.67,2.691,12.8762,1508.16
2015-11-10,2218.72,2.632,12.9081,1500.09
2015-11-11,2184.1,2.599,12.9037,1491.03
2015-11-12,2174.69,2.654,12.8504,1474.22
2015-11-13,2199.38,2.645,12.7946,1475.78
2015-11-16,2201.67,2.636,12.7197,1461.94
2015-11-17,2178.94,2.626,12.6726,1446.96
2015-11-18,2164.28,2.692,12.7409,1441.88
2015-11-19,2179.91,2.749,12.7221,1435.98
2015-11-20,2164.91,2.827,12.6035,1429.47
2015-11-23,2170.47,2.821,12.7615,1435.92
2015-11-24,2172.33,2.832,12.7911,1437.37
2015-11-25,2159.08,2.779,12.6668,1434.08
2015-11-26,2206.75,2.831,12.6287,1436.87
2015-11-27,2221.68,2.79,12.6395,1424.54
2015-11-30,2178.01,2.797,12.7922,1426.31
2015-12-01,2182.95,2.759,12.6944,1428.68
2015-12-02,2169.41,2.738,12.7824,1409.9
2015-12-03,2188.86,2.709,12.9093,1423.02
2015-12-04,2172.45,2.688,12.8536,1412.2
2015-12-07,2170.83,2.669,12.8297,1413.77
2015-12-08,2182.69,2.65,12.738,1429.1
2015-12-09,2202.55,2.679,12.7209,1441.48
2015-12-10,2177.14,2.641,12.7187,1442.36
2015-12-11,2170.74,2.648,12.7786,1438.1
2015-12-14,2161.32,2.691,12.8775,1450.85
2015-12-15,2148.1,2.673,12.8112,1460.12
2015-12-16,2187.24,2.648,12.637,1452.45
2015-12-17,2196.99,2.64,12.6362,1442.53
2015-12-18,2170.33,2.681,12.6632,1416.3
2015-12-21,2191.22,2.688,12.6863,1418.69
2015-12-22,2239.12,2.67,12.6583,1418.06
2015-12-23,2263.26,2.687,12.6704,1433.07
2015-12-24,2230.02,2.648,12.8066,1438.14
2015-12-25,2220.14,2.672,12.8419,1455.95
2015-12-28,2249.34,2.686,12.8094,1447.27
2015-12-29,2234.38,2.676,12.7656,1462.61
2015-12-30,2245.21,2.646,12.7515,1456.1
2015-12-31,2263.58,2.615,12.8994,1466.77
2016-01-01,2243.59,2.634,12.8839,1448.07
2016-01-04,2243.15,2.677,12.8832,1451.58
2016-01-05,2172.48,2.655,12.8408,1426.3
2016-01-06,2151.2,2.671,12.941,1423.31
2016-01-07,2146.63,2.598,13.1208,1429.39
2016-01-08,2120.86,2.578,13.1633,1423.13
2016-01-11,2156.63,2.577,13.172,1410.16
2016-01-12,2126.86,2.545,13.1764,1421.37
2016-01-13,2118.36,2.512,12.9594,1420.47
2016-01-14,2121.98,2.489,13.0282,1414.65
2016-01-15,2153.65,2.499,13.0415,1415.61
2016-01-18,2123.8,2.493,13.0817,1450.04
2016-01-19,2149.51,2.414,13.0177,1465.61
2016-01-20,2150.59,2.34,12.9838,1481.47
2016-01-21,2130.43,2.319,12.9475,1487.73
2016-01-22,2141.16,2.335,13.0415,1490.41
2016-01-25,2146.28,2.239,13.008,1459.05
2016-01-26,2134.29,2.221,13.2001,1450.6
2016-01-27,2136.64,2.203,13.241,1444.77
2016-01-28,2129.27,2.252,13.1243,1421.02
2016-01-29,2132.54,2.238,13.1136,1406.72
2016-02-01,2147.57,2.252,13.0549,1382.28
2016-02-02,2182.77,2.257,12.857,1382.22
2016-02-03,2156.78,2.182,13.0028,1392.86
2016-02-04,2204.16,2.209,13.068,1407.22
2016-02-05,2162.42,2.217,13.1179,1412.91
2016-02-08,2160.0,2.235,13.1341,1401.13
2016-02-09,2173.62,2.372,13.0087,1377.39
2016-02-10,2180.61,2.299,12.9658,1356.19
2016-02-11,2167.94,2.36,13.0435,1341.19
2016-02-12,2164.29,2.35,12.9489,1330.9
2016-02-15,2154.51,2.36,12.7224,1329.39
2016-02-16,2142.71,2.358,12.7032,1317.71
2016-02-17,2161.85,2.343,12.6917,1322.13
2016-02-18,2170.45,2.323,12.7047,1319.77
2016-02-19,2156.33,2.335,12.7707,1320.29
2016-02-22,2176.69,2.282,12.8289,1334.31
2016-02-23,2184.26,2.308,12.8531,1320.6
2016-02-24,2202.97,2.294,12.9622,1325.99
2016-02-25,2217.77,2.254,12.8261,1326.22
2016-02-26,2200.34,2.239,12.8725,1322.64
2016-02-29,2188.92,2.283,12.9301,1333.62
2016-03-01,2206.22,2.264,12.8195,1344.62
2016-03-02,2220.62,2.276,12.6863,1333.61
2016-03-03,2221.04,2.251,12.6213,1331.83
2016-03-04,2224.54,2.278,12.564,1335.6
2016-03-07,2254.05,2.302,12.6314,1332.72
2016-03-08,2241.65,2.366,12.5782,1340.16
2016-03-09,2254.85,2.36,12.504,1343.96
2016-03-10,2251.19,2.384,12.4516,1366.72
2016-03-11,2247.2,2.387,12.5505,1348.43
2016-03-14,2272.93,2.433,12.5526,1347.35
2016-03-15,2292.69,2.407,12.5379,1336.78
2016-03-16,2312.34,2.434,12.5292,1344.47
2016-03-17,2343.66,2.427,12.6441,1325.44
2016-03-18,2345.09,2.425,12.579,1329.98
2016-03-21,2362.09,2.428,12.6963,1322.85
2016-03-22,2355.71,2.437,12.7161,1314.54
2016-03-23,2364.31,2.433,12.7028,1297.92
2016-03-24,2362.17,2.44,12.9282,1292.89
2016-03-25,2365.41,2.496,12.834,1305.96
2016-03-28,2380.49,2.53,12.8033,1306.06
2016-03-29,2362.03,2.561,12.6944,1313.85
2016-03-30,2412.94,2.545,12.7803,1334.08
2016-03-31,2389.74,2.514,12.9334,1337.66
2016-04-01,2361.85,2.547,13.0865,1331.34
2016-04-04,2390.31,2.578,13.2001,1337.36
2016-04-05,2410.28,2.629,13.1829,1331.22
2016-04-06,2426.34,2.608,13.1503,1325.59
2016-04-07,2442.61,2.6,12.9984,1307.97
2016-04-08,2443.29,2.543,13.1861,1319.32
2016-04-11,2422.43,2.529,13.2305,1315.13
2016-04-12,2425.24,2.564,13.1861,1317.69
2016-04-13,2409.83,2.548,13.3103,1305.85
2016-04-14,2434.42,2.57,13.221,1311.38
2016-04-15,2431.82,2.564,13.2597,1302.81
2016-04-18,2412.79,2.575,13.2448,1301.54
2016-04-19,2406.01,2.535,13.3052,1312.25
2016-04-20,2416.93,2.538,13.3003,1322.02
2016-04-21,2404.31,2.434,13.167,1322.16
2016-04-22,2385.57,2.427,13.175,1301.67
2016-04-25,2392.35,2.37,13.2732,1337.61
2016-04-26,2399.18,2.412,13.2715,1359.2
2016-04-27,2388.0,2.44,13.3448,1368.48
2016-04-28,2377.73,2.456,13.2485,1359.65
2016-04-29,2384.21,2.509,13.2472,1358.66
2016-05-02,2350.87,2.476,13.1904,1352.44
2016-05-03,2318.94,2.537,13.2606,1368.32
2016-05-04,2303.26,2.57,13.2646,1371.97
2016-05-05,2299.27,2.562,13.3299,1362.73
2016-05-06,2307.35,2.601,13.4329,1357.38
2016-05-09,2342.58,2.563,13.4992,1371.55
2016-05-10,2363.71,2.534,13.5261,1391.87
2016-05-11,2360.87,2.513,13.433,1411.57
2016-05-12,2361.37,2.494,13.4338,1421.64
2016-05-13,2338.75,2.457,13.3848,1418.84
2016-05-16,2339.25,2.5,13.3537,1378.46
2016-05-17,2333.44,2.491,13.3198,1382.57
2016-05-18,2341.92,2.504,13.2298,1382.96
2016-05-19,2323.56,2.484,13.0508,1385.12
2016-05-20,2336.59,2.42,12.9909,1386.2
2016-05-23,2373.63,2.43,13.0096,1370.17
2016-05-24,2372.0,2.363,12.8884,1377.47
2016-05-25,2382.5,2.36,12.8909,1385.75
2016-05-26,2399.96,2.312,13.0645,1394.7
2016-05-27,2391.31,2.382,13.1595,1407.06
2016-05-30,2397.63,2.414,13.3128,1415.15
2016-05-31,2398.89,2.418,13.3504,1410.36
2016-06-01,2402.2,2.462,13.461,1409.89
2016-06-02,2384.65,2.432,13.394,1411.47
2016-06-03,2386.19,2.452,13.3348,1413.26
2016-06-06,2399.06,2.459,13.0826,1426.44
2016-06-07,2435.1,2.468,13.1928,1435.16
2016-06-08,2459.56,2.512,13.3368,1462.68
2016-06-09,2514.1,2.538,13.2864,1492.47
2016-06-10,2495.88,2.548,13.2638,1493.98
2016-06-13,2518.75,2.49,13.1951,1443.71
2016-06-14,2524.38,2.457,13.2315,1460.31
2016-06-15,2581.31,2.453,13.3372,1453.66
2016-06-16,2561.55,2.456,13.1765,1443.64
2016-06-17,2541.15,2.416,13.2154,1438.91
2016-06-20,2526.97,2.501,13.1909,1433.57
2016-06-21,2474.86,2.554,13.2024,1441.92
2016-06-22,2462.86,2.575,13.246,1422.25
2016-06-23,2445.22,2.578,13.2296,1408.95
2016-06-24,2449.88,2.57,13.2211,1413.73
2016-06-27,2459.25,2.537,13.2023,1422.1
2016-06-28,2506.82,2.54,13.2934,1430.77
2016-06-29,2531.77,2.549,13.3335,1421.09
2016-06-30,2518.22,2.505,13.3551,1409.06
2016-07-01,2496.69,2.517,13.2379,1403.07
2016-07-04,2510.01,2.512,13.2039,1406.52
2016-07-05,2478.08,2.445,13.2883,1425.88
2016-07-06,2524.89,2.415,13.2929,1400.27
2016-07-07,2555.87,2.401,13.3555,1397.91
2016-07-08,2544.93,2.467,13.5227,1381.66
2016-07-11,2502.7,2.486,13.6225,1361.67
2016-07-12,2537.83,2.44,13.6325,1373.99
2016-07-13,2535.94,2.457,13.5849,1381.15
2016-07-14,2568.55,2.403,13.3453,1387.16
2016-07-15,2528.93,2.44,13.3306,1399.13
2016-07-18,2514.83,2.424,13.3013,1393.52
2016-07-19,2515.96,2.421,13.3388,1388.52
2016-07-20,2518.15,2.467,13.3255,1416.53
2016-07-21,2507.85,2.422,13.2967,1413.82
2016-07-22,2524.53,2.373,13.1331,1423.63
2016-07-25,2498.72,2.353,13.048,1424.14
2016-07-26,2496.16,2.389,13.0927,1401.06
2016-07-27,2500.16,2.336,13.252,1375.93
2016-07-28,2514.07,2.237,13.244,1369.19
2016-07-29,2533.03,2.221,13.2755,1382.68
2016-08-01,2505.71,2.241,13.3653,1392.94
2016-08-02,2468.55,2.283,13.2908,1404.87
2016-08-03,2501.29,2.267,13.326,1392.86
2016-08-04,2510.62,2.252,13.2582,1413.69
2016-08-05,2492.89,2.293,13.3397,1401.89
2016-08-08,2532.88,2.227,13.3549,1405.0
2016-08-09,2536.82,2.214,13.3839,1405.29
2016-08-10,2567.94,2.221,13.3119,1403.51
2016-08-11,2570.71,2.236,13.379,1420.95
2016-08-12,2625.28,2.219,13.5768,1412.38
2016-08-15,2672.84,2.22,13.4824,1395.75
2016-08-16,2667.26,2.133,13.4514,1396.42
2016-08-17,2694.38,2.11,13.4743,1391.82
2016-08-18,2712.91,2.126,13.5498,1435.21
2016-08-19,2751.4,2.091,13.4979,1444.41
2016-08-22,2726.06,2.094,13.2339,1439.53
2016-08-23,2745.93,2.109,13.3615,1426.34
2016-08-24,2776.26,2.097,13.4339,1402.83
2016-08-25,2728.95,2.103,13.2721,1390.36
2016-08-26,2697.93,2.07,13.2168,1392.21
2016-08-29,2644.52,2.062,13.3638,1410.64
2016-08-30,2638.46,2.084,13.501,1425.38
2016-08-31,2658.53,2.089,13.591,1428.75
2016-09-01,2699.85,2.069,13.5754,1425.03
2016-09-02,2702.93,2.077,13.5844,1428.91
2016-09-05,2748.41,2.102,13.573,1422.68
2016-09-06,2711.83,2.03,13.6817,1445.29
2016-09-07,2667.09,2.071,13.5992,1443.26
2016-09-08,2666.68,2.059,13.5238,1442.57
2016-09-09,2678.01,2.074,13.6208,1414.51
2016-09-12,2678.2,2.116,13.6177,1412.45
2016-09-13,2624.45,2.068,13.7508,1423.55
2016-09-14,2623.16,2.043,13.6874,1410.36
2016-09-15,2590.2,2.033,13.6833,1401.28
2016-09-16,2608.65,2.006,13.5963,1411.74
2016-09-19,2619.28,2.067,13.5981,1393.52
2016-09-20,2595.81,2.037,13.4592,1407.27
2016-09-21,2583.54,2.017,13.4144,1400.97
2016-09-22,2557.34,2.024,13.2812,1396.5
2016-09-23,2556.76,1.982,13.347,1382.86
2016-09-26,2582.34,1.969,13.4152,1387.99
2016-09-27,2558.03,1.98,13.2547,1419.48
2016-09-28,2571.98,1.968,13.3801,1429.93
2016-09-29,2559.4,1.965,13.6172,1419.28
2016-09-30,2540.21,1.947,13.6227,1434.29
2016-10-03,2538.51,1.894,13.5628,1430.63
2016-10-04,2513.37,1.905,13.8347,1448.88
2016-10-05,2500.49,1.966,13.7086,1459.87
2016-10-06,2471.7,1.967,13.7117,1422.14
2016-10-07,2521.76,1.975,13.73,1409.77
2016-10-10,2523.65,1.999,13.861,1422.23
2016-10-11,2507.06,1.955,13.8971,1424.6
2016-10-12,2513.44,2.015,13.8498,1411.95
2016-10-13,2511.62,2.022,13.7589,1404.35
2016-10-14,2507.08,2.079,13.7272,1380.87
2016-10-17,2523.53,2.053,13.6318,1380.19
2016-10-18,2543.74,2.117,13.6375,1408.35
2016-10-19,2531.29,2.144,13.5848,1419.01
2016-10-20,2517.76,2.163,13.4446,1447.7
2016-10-21,2511.85,2.172,13.5643,1459.68
2016-10-24,2455.67,2.163,13.5182,1473.68
2016-10-25,2419.71,2.205,13.3998,1500.55
2016-10-26,2454.0,2.21,13.3851,1506.1
2016-10-27,2495.7,2.141,13.3926,1504.02
2016-10-28,2490.49,2.102,13.2309,1518.52
2016-10-31,2505.89,2.096,13.2627,1538.98
2016-11-01,2514.71,2.107,13.1669,1532.81
2016-11-02,2594.37,2.105,13.3266,1523.34
2016-11-03,2624.63,2.147,13.3767,1525.7
2016-11-04,2622.32,2.079,13.3403,1537.62
2016-11-07,2598.43,2.084,13.272,1549.17
2016-11-08,2558.04,2.021,13.2633,1529.9
2016-11-09,2564.27,2.047,13.3214,1556.92
2016-11-10,2545.97,2.044,13.3201,1548.42
2016-11-11,2511.02,2.059,13.3009,1545.2
2016-11-14,2495.84,2.029,13.3074,1533.16
2016-11-15,2469.98,2.074,13.2523,1571.32
2016-11-16,2513.01,2.11,13.2216,1575.22
2016-11-17,2536.27,2.13,13.031,1563.67
2016-11-18,2537.09,2.126,13.1212,1576.34
2016-11-21,2575.94,2.146,13.1497,1587.77
2016-11-22,2578.97,2.122,13.0797,1585.57
2016-11-23,2557.88,2.152,13.2558,1598.09
2016-11-24,2598.17,2.209,13.265,1586.74
2016-11-25,2613.26,2.247,13.1701,1580.19
2016-11-28,2587.33,2.221,13.2504,1552.32
2016-11-29,2583.44,2.234,13.2885,1534.39
2016-11-30,2561.94,2.189,13.3263,1560.03
2016-12-01,2527.77,2.209,13.2877,1583.72
2016-12-02,2552.31,2.225,13.3307,1585.13
2016-12-05,2602.55,2.159,13.3074,1609.52
2016-12-06,2567.44,2.119,13.3603,1607.68
2016-12-07,2582.96,2.109,13.1844,1604.65
2016-12-08,2567.24,2.099,13.1455,1605.95
2016-12-09,2555.79,2.056,13.306,1604.62
2016-12-12,2541.71,2.07,13.2358,1602.0
2016-12-13,2520.85,2.079,13.181,1619.05
2016-12-14,2523.08,2.072,13.1408,1621.73
2016-12-15,2503.2,2.046,13.0306,1632.65
2016-12-16,2510.99,2.082,12.8317,1648.37
2016-12-19,2510.73,2.14,12.812,1654.64
2016-12-20,2505.74,2.123,12.8253,1640.74
2016-12-21,2484.09,2.102,12.8216,1621.37
2016-12-22,2470.8,2.119,12.8096,1624.03
2016-12-23,2490.53,2.107,12.8145,1622.02
2016-12-26,2504.04,2.102,12.9076,1623.78
2016-12-27,2480.67,2.128,12.8914,1624.03
2016-12-28,2484.13,2.061,12.8408,1662.74
2016-12-29,2503.86,2.107,12.8165,1643.44
2016-12-30,2463.4,2.11,12.8697,1614.76
2017-01-02,2477.81,2.096,12.9985,1620.08
2017-01-03,2462.43,2.093,12.9425,1615.08
2017-01-04,2477.51,2.091,12.9525,1620.17
2017-01-05,2459.66,2.031,12.9843,1629.2
2017-01-06,2416.63,2.083,12.8954,1648.63
2017-01-09,2378.57,2.085,12.8983,1626.9
2017-01-10,2380.66,2.1,12.7677,1619.26
2017-01-11,2387.81,2.134,12.6115,1626.01
2017-01-12,2367.26,2.098,12.645,1637.81
2017-01-13,2383.38,2.114,12.612,1670.97
2017-01-16,2345.04,2.105,12.6309,1685.91
2017-01-17,2344.43,2.135,12.6304,1685.55
2017-01-18,2317.14,2.06,12.5453,1672.6
2017-01-19,2303.0,2.057,12.5424,1664.63
2017-01-20,2305.02,2.036,12.4356,1656.27
2017-01-23,2286.18,2.051,12.5582,1666.56
2017-01-24,2278.32,2.068,12.4406,1670.92
2017-01-25,2302.28,2.043,12.4246,1651.63
2017-01-26,2289.96,2.018,12.3352,1645.66
2017-01-27,2310.1,2.014,12.3856,1659.2
2017-01-30,2285.06,1.983,12.3579,1664.96
2017-01-31,2298.12,2.012,12.314,1674.01
2017-02-01,2332.42,2.0,12.3888,1680.29
2017-02-02,2276.39,1.898,12.3923,1705.58
2017-02-03,2259.22,1.885,12.4382,1709.72
2017-02-06,2273.21,1.848,12.3541,1704.3
2017-02-07,2269.5,1.791,12.2342,1690.82
2017-02-08,2278.85,1.748,12.2443,1695.13
2017-02-09,2266.04,1.752,12.218,1658.8
2017-02-10,2268.91,1.799,12.2727,1656.55
2017-02-13,2266.28,1.81,12.2668,1653.98
2017-02-14,2293.82,1.788,12.2854,1634.28
2017-02-15,2300.59,1.804,12.1476,1621.17
2017-02-16,2309.29,1.788,12.3102,1633.52
2017-02-17,2300.72,1.764,12.297,1637.4
2017-02-20,2290.44,1.724,12.3582,1639.39
2017-02-21,2281.47,1.663,12.2871,1644.41
2017-02-22,2291.4,1.649,12.3146,1646.28
2017-02-23,2282.69,1.655,12.2038,1665.3
2017-02-24,2290.23,1.651,12.2434,1667.65
2017-02-27,2339.19,1.637,12.2139,1646.4
2017-02-28,2360.6,1.604,12.2174,1671.23
2017-03-01,2353.86,1.625,12.2782,1677.32
2017-03-02,2383.26,1.579,12.1737,1668.94
2017-03-03,2374.5,1.606,12.1165,1650.72
2017-03-06,2327.53,1.571,12.1563,1657.11
2017-03-07,2305.1,1.545,12.3372,1655.86
2017-03-08,2263.29,1.494,12.3262,1679.99
2017-03-09,2256.25,1.476,12.3783,1675.27
2017-03-10,2257.57,1.51,12.3701,1663.19
2017-03-13,2296.65,1.528,12.5404,1677.16
2017-03-14,2305.09,1.563,12.389,1691.69
2017-03-15,2300.97,1.581,12.3982,1694.77
2017-03-16,2321.06,1.542,12.2589,1705.63
2017-03-17,2271.21,1.531,12.0466,1705.56
2017-03-20,2277.48,1.504,12.0727,1709.67
2017-03-21,2296.02,1.55,12.0854,1728.2
2017-03-22,2263.23,1.508,12.0623,1738.48
2017-03-23,2290.18,1.54,12.0543,1736.35
2017-03-24,2298.86,1.571,12.3196,1758.14
2017-03-27,2290.25,1.635,12.2983,1721.64
2017-03-28,2305.71,1.621,12.3433,1754.25
2017-03-29,2359.61,1.646,12.2883,1728.04
2017-03-30,2364.85,1.726,12.3147,1718.83
2017-03-31,2371.68,1.704,12.2952,1718.72
2017-04-03,2361.75,1.65,12.2609,1716.97
2017-04-04,2342.7,1.585,12.419,1733.11
2017-04-05,2363.18,1.61,12.5228,1717.2
2017-04-06,2343.97,1.544,12.5358,1721.75
2017-04-07,2346.59,1.531,12.3362,1713.33
2017-04-10,2336.34,1.546,12.306,1718.4
2017-04-11,2348.5,1.553,12.5421,1717.92
2017-04-12,2357.29,1.568,12.5229,1719.87
2017-04-13,2382.83,1.575,12.6209,1711.89
2017-04-14,2371.65,1.62,12.75,1704.56
2017-04-17,2366.21,1.587,12.7706,1709.49
2017-04-18,2344.1,1.563,12.6966,1724.59
2017-04-19,2334.64,1.536,12.483,1715.84
2017-04-20,2344.4,1.565,12.5439,1702.99
2017-04-21,2363.16,1.597,12.4735,1712.93
2017-04-24,2342.41,1.613,12.4899,1712.94
2017-04-25,2363.81,1.654,12.3821,1726.31
2017-04-26,2397.03,1.613,12.3602,1712.81
2017-04-27,2407.93,1.672,12.3641,1686.1
2017-04-28,2454.53,1.725,12.3883,1678.54
2017-05-01,2436.58,1.751,12.293,1667.5
2017-05-02,2407.41,1.813,12.3974,1666.82
2017-05-03,2365.91,1.755,12.3467,1657.79
2017-05-04,2402.53,1.737,12.2038,1669.38
2017-05-05,2419.27,1.711,12.1955,1665.56
2017-05-08,2418.9,1.737,12.1994,1668.32
2017-05-09,2426.65,1.7,12.2141,1671.19
2017-05-10,2400.45,1.726,12.3321,1674.62
2017-05-11,2460.87,1.774,12.3127,1674.76
2017-05-12,2465.03,1.799,12.3034,1682.98
2017-05-15,2468.72,1.809,12.2097,1671.47
2017-05-16,2487.7,1.774,12.281,1693.17
2017-05-17,2500.69,1.745,12.2979,1690.07
2017-05-18,2507.3,1.788,12.2627,1670.74
2017-05-19,2488.55,1.816,12.1013,1674.08
2017-05-22,2501.31,1.814,12.2252,1661.8
2017-05-23,2549.85,1.8,12.1216,1672.28
2017-05-24,2585.43,1.729,12.0725,1706.38
2017-05-25,2628.0,1.692,12.1038,1694.85
2017-05-26,2615.64,1.759,12.0038,1700.44
2017-05-29,2590.92,1.714,11.8799,1674.29
2017-05-30,2588.7,1.72,11.7055,1681.65
2017-05-31,2591.18,1.756,11.7657,1668.79
2017-06-01,2620.74,1.712,11.7218,1659.93
2017-06-02,2577.79,1.718,11.9654,1644.06
2017-06-05,2618.56,1.751,11.8834,1655.42
2017-06-06,2615.48,1.752,11.8079,1671.0
2017-06-07,2605.38,1.852,11.7622,1671.85
2017-06-08,2580.17,1.794,11.7832,1659.39
2017-06-09,2538.84,1.831,11.7454,1683.81
2017-06-12,2560.85,1.825,11.7968,1672.98
2017-06-13,2563.75,1.852,11.7172,1641.23
2017-06-14,2531.91,1.868,11.6054,1648.51
2017-06-15,2500.33,1.842,11.4611,1632.69
2017-06-16,2492.94,1.85,11.285,1647.77
2017-06-19,2535.92,1.785,11.2451,1642.62
2017-06-20,2530.35,1.806,11.2223,1652.07
2017-06-21,2493.6,1.817,11.1737,1673.54
2017-06-22,2488.47,1.839,11.2723,1655.93
2017-06-23,2482.69,1.876,11.3705,1648.01
2017-06-26,2417.6,1.889,11.3448,1647.38
2017-06-27,2417.25,1.894,11.2041,1670.84
2017-06-28,2412.64,1.864,11.1607,1661.47
2017-06-29,2430.47,1.839,11.1148,1653.1
2017-06-30,2476.81,1.88,11.0647,1660.72
2017-07-03,2505.88,1.931,11.0116,1652.61
2017-07-04,2500.15,1.922,10.9623,1655.38
2017-07-05,2473.63,1.924,10.9335,1632.92
2017-07-06,2539.12,1.892,10.8858,1666.28
2017-07-07,2541.64,1.933,10.9026,1646.69
2017-07-10,2543.01,1.957,10.931,1642.42
2017-07-11,2543.42,2.025,10.8624,1642.43
2017-07-12,2549.48,1.994,10.9604,1671.45
2017-07-13,2546.82,1.981,10.8863,1652.14
2017-07-14,2533.27,1.989,10.7646,1682.4
2017-07-17,2520.46,2.012,10.7942,1694.41
2017-07-18,2520.64,2.004,10.7335,1701.3
2017-07-19,2507.98,1.974,10.7585,1686.79
2017-07-20,2491.16,2.005,10.5798,1696.0
2017-07-21,2494.82,2.03,10.6843,1685.49
2017-07-24,2489.46,1.998,10.7356,1705.33
2017-07-25,2528.19,2.045,10.6243,1691.0
2017-07-26,2463.04,2.086,10.5157,1689.78
2017-07-27,2491.06,2.091,10.6404,1681.86
2017-07-28,2523.31,2.094,10.5864,1667.48
2017-07-31,2472.52,2.113,10.5256,1679.15
2017-08-01,2465.05,2.083,10.3608,1687.77
2017-08-02,2456.89,2.084,10.3362,1706.74
2017-08-03,2423.52,2.009,10.3206,1680.13
2017-08-04,2405.7,2.04,10.3732,1696.8
2017-08-07,2380.09,1.985,10.273,1736.02
2017-08-08,2423.13,2.038,10.165,1729.5
2017-08-09,2446.89,2.026,10.198,1759.78
2017-08-10,2479.19,2.019,10.2709,1756.14
2017-08-11,2498.15,1.997,10.1594,1735.1
2017-08-14,2471.09,1.987,10.2374,1730.86
2017-08-15,2459.14,2.037,10.2409,1747.79
2017-08-16,2472.2,1.95,10.3203,1735.17
2017-08-17,2443.14,1.995,10.3161,1726.34
2017-08-18,2461.61,2.006,10.1364,1736.11
2017-08-21,2456.68,1.964,10.1264,1736.67
2017-08-22,2448.47,1.927,10.2026,1746.36
2017-08-23,2466.93,1.985,10.1398,1750.63
2017-08-24,2478.9,1.952,10.1131,1758.73
2017-08-25,2470.96,1.912,10.1015,1752.42
2017-08-28,2500.77,1.952,9.8993,1756.61
2017-08-29,2474.87,1.964,10.0166,1742.53
2017-08-30,2491.16,1.931,9.9544,1763.39
2017-08-31,2506.98,1.939,9.9905,1753.87
2017-09-01,2500.23,1.903,9.9852,1772.31
2017-09-04,2509.4,1.941,10.0743,1769.12
2017-09-05,2479.2,1.979,10.1038,1772.87
2017-09-06,2503.21,1.997,10.088,1765.52
2017-09-07,2499.59,2.01,10.0259,1749.98
2017-09-08,2487.55,2.072,10.0829,1723.23
2017-09-11,2514.79,2.072,9.9523,1707.45
2017-09-12,2498.14,2.03,9.9982,1702.99
2017-09-13,2464.18,2.046,9.9224,1706.76
2017-09-14,2427.09,2.119,10.0105,1722.86
2017-09-15,2442.82,2.084,10.0226,1716.48
2017-09-18,2412.71,2.071,10.0687,1703.42
2017-09-19,2456.4,2.086,10.0753,1681.95
2017-09-20,2406.75,2.084,9.9533,1689.74
2017-09-21,2448.91,2.05,9.8943,1711.42
2017-09-22,2455.06,2.089,9.9418,1731.56
2017-09-25,2453.67,2.17,9.9542,1743.18
2017-09-26,2441.31,2.177,10.0376,1753.75
2017-09-27,2452.06,2.145,10.0668,1781.29
2017-09-28,2452.12,2.091,9.9997,1787.15
2017-09-29,2480.31,2.1,9.9449,1798.12
2017-10-02,2484.14,2.139,9.9529,1793.47
2017-10-03,2488.87,2.156,9.7938,1772.15
2017-10-04,2480.83,2.156,9.9099,1761.8
2017-10-05,2480.41,2.135,9.9414,1762.19
2017-10-06,2489.05,2.097,10.028,1763.68
2017-10-09,2447.83,2.126,9.9184,1795.06
2017-10-10,2416.01,2.158,10.006,1796.92
2017-10-11,2435.01,2.104,10.1644,1816.63
2017-10-12,2440.15,2.16,10.0716,1810.07
2017-10-13,2436.64,2.18,10.127,1805.54
2017-10-16,2438.07,2.229,10.1279,1784.61
2017-10-17,2447.53,2.182,10.0198,1773.26
2017-10-18,2435.33,2.134,10.0552,1782.22
2017-10-19,2417.42,2.129,10.1148,1782.88
2017-10-20,2423.13,2.147,10.0732,1798.61
2017-10-23,2400.49,2.21,10.1565,1802.09
2017-10-24,2411.28,2.235,10.0395,1796.92
2017-10-25,2371.52,2.226,9.9358,1832.55
2017-10-26,2397.01,2.19,9.9461,1831.55
2017-10-27,2409.33,2.233,9.9487,1851.38
2017-10-30,2416.47,2.2,9.8997,1845.26
2017-10-31,2441.31,2.257,9.9568,1857.64
2017-11-01,2483.31,2.247,9.9946,1873.78
2017-11-02,2509.63,2.302,10.0557,1877.87
2017-11-03,2464.84,2.326,10.0478,1839.04
2017-11-06,2434.47,2.322,10.0911,1839.9
2017-11-07,2420.28,2.303,10.0604,1860.94
2017-11-08,2421.88,2.292,10.2069,1870.36
2017-11-09,2435.42,2.307,10.1499,1878.44
2017-11-10,2418.78,2.309,10.3014,1850.11
2017-11-13,2424.27,2.289,10.3047,1838.7
2017-11-14,2406.99,2.283,10.2068,1846.07
2017-11-15,2393.27,2.286,10.3058,1853.46
2017-11-16,2360.78,2.211,10.3157,1874.4
2017-11-17,2340.03,2.227,10.3782,1872.52
2017-11-20,2309.53,2.193,10.4683,1879.93
2017-11-21,2288.02,2.153,10.494,1880.77
2017-11-22,2313.18,2.094,10.4514,1864.7
2017-11-23,2292.24,2.031,10.5239,1827.77
2017-11-24,2354.32,1.984,10.5248,1835.43
2017-11-27,2366.91,1.959,10.5763,1838.85
2017-11-28,2372.24,2.027,10.4188,1829.2
2017-11-29,2352.9,2.009,10.4523,1803.28
2017-11-30,2370.39,2.015,10.4065,1814.07
2017-12-01,2357.72,2.029,10.5285,1810.28
2017-12-04,2361.55,2.034,10.5754,1819.92
2017-12-05,2423.76,2.031,10.594,1851.27
2017-12-06,2422.4,1.989,10.631,1816.47
2017-12-07,2451.38,2.04,10.5578,1805.61
2017-12-08,2435.17,2.104,10.6793,1802.75
2017-12-11,2435.3,2.045,10.8301,1827.06
2017-12-12,2479.8,2.009,10.8608,1800.89
2017-12-13,2465.28,1.999,10.9832,1833.09
2017-12-14,2511.38,1.965,10.9404,1835.89
2017-12-15,2530.23,1.983,10.8804,1834.85
2017-12-18,2517.04,1.958,10.8844,1832.13
2017-12-19,2534.02,2.034,10.9185,1825.5
2017-12-20,2559.81,2.075,10.8893,1843.35
2017-12-21,2576.81,2.083,10.9312,1826.26
2017-12-22,2537.68,2.119,10.9556,1832.5
2017-12-25,2520.3,2.158,10.8801,1826.72
2017-12-26,2515.08,2.138,10.9206,1814.78
2017-12-27,2514.21,2.109,10.9877,1858.07
2017-12-28,2530.88,2.112,11.0018,1865.65
2017-12-29,2536.39,2.142,11.0918,1876.53
2018-01-01,2503.75,2.147,10.9985,1896.42
2018-01-02,2514.29,2.092,11.0355,1872.87
2018-01-03,2530.7,2.064,10.9464,1903.22
2018-01-04,2545.93,2.062,10.8622,1861.28
2018-01-05,2574.62,2.059,10.8152,1849.0
2018-01-08,2597.22,2.128,10.745,1841.93
2018-01-09,2610.22,2.08,10.7047,1852.16
2018-01-10,2609.43,2.097,10.6895,1856.36
2018-01-11,2567.47,2.149,10.7532,1854.13
2018-01-12,2579.56,2.229,10.7299,1854.49
2018-01-15,2585.96,2.215,10.6123,1838.79
2018-01-16,2594.03,2.232,10.6982,1814.72
2018-01-17,2562.14,2.252,10.6365,1827.17
2018-01-18,2535.61,2.259,10.633,1839.17
2018-01-19,2563.48,2.256,10.6672,1866.14
2018-01-22,2563.49,2.271,10.6829,1853.48
2018-01-23,2582.05,2.182,10.7659,1865.63
2018-01-24,2583.82,2.206,10.803,1861.43
2018-01-25,2585.62,2.211,10.7389,1882.05
2018-01-26,2611.04,2.203,10.9048,1900.01
2018-01-29,2598.64,2.275,10.9205,1904.19
2018-01-30,2602.18,2.251,10.9101,1898.95
2018-01-31,2591.21,2.237,10.9849,1916.02
2018-02-01,2581.01,2.307,11.0049,1927.79
2018-02-02,2574.07,2.278,11.0366,1916.53
2018-02-05,2580.83,2.259,11.2317,1894.33
2018-02-06,2569.53,2.253,11.211,1889.98
2018-02-07,2603.04,2.283,11.187,1916.51
2018-02-08,2580.89,2.29,11.197,1936.97
2018-02-09,2577.1,2.245,11.2822,1918.25
2018-02-12,2566.82,2.226,11.1648,1898.76
2018-02-13,2605.27,2.205,11.0131,1921.25
2018-02-14,2611.44,2.203,10.9688,1902.28
2018-02-15,2639.59,2.218,10.8449,1911.6
2018-02-16,2601.7,2.232,10.8136,1901.6
2018-02-19,2609.7,2.17,10.8526,1930.05
2018-02-20,2634.08,2.207,10.786,1917.29
2018-02-21,2637.3,2.216,10.6796,1937.7
2018-02-22,2666.62,2.265,10.6857,1941.51
2018-02-23,2653.92,2.28,10.7512,1946.51
2018-02-26,2692.67,2.319,10.6253,1912.87
2018-02-27,2756.39,2.335,10.6873,1875.88
2018-02-28,2747.5,2.383,10.7495,1872.72
2018-03-01,2736.38,2.401,10.8224,1877.45
2018-03-02,2777.55,2.398,10.916,1859.09
2018-03-05,2822.91,2.477,11.0864,1841.52
2018-03-06,2809.31,2.508,11.0597,1851.4
2018-03-07,2798.65,2.528,11.0691,1861.36
2018-03-08,2791.89,2.484,11.0377,1859.61
2018-03-09,2755.71,2.439,11.0388,1873.28
2018-03-12,2731.6,2.449,11.1588,1854.14
2018-03-13,2705.39,2.454,11.0551,1848.77
2018-03-14,2685.77,2.433,10.9895,1876.95
2018-03-15,2685.91,2.438,11.0969,1878.67
2018-03-16,2693.29,2.493,11.1773,1881.37
2018-03-19,2736.47,2.518,11.1498,1921.4
2018-03-20,2710.37,2.478,11.2176,1897.93
2018-03-21,2738.27,2.474,11.2453,1912.15
2018-03-22,2733.51,2.446,11.3649,1941.59
2018-03-23,2733.26,2.432,11.3718,1936.5
2018-03-26,2752.86,2.418,11.4546,1952.12
2018-03-27,2723.22,2.401,11.6694,1935.53
2018-03-28,2734.75,2.357,11.7193,1924.18
2018-03-29,2740.4,2.353,11.7242,1931.44
2018-03-30,2755.03,2.333,11.7846,1945.95
2018-04-02,2764.11,2.231,11.7555,1966.27
2018-04-03,2833.95,2.303,11.9546,1994.85
2018-04-04,2817.06,2.341,11.9706,1994.23
2018-04-05,2803.27,2.328,11.9487,2016.38
2018-04-06,2786.97,2.329,11.88,2010.78
2018-04-09,2772.64,2.288,11.9725,2027.78
2018-04-10,2756.12,2.347,12.0464,2032.18
2018-04-11,2790.2,2.414,12.0055,2040.96
2018-04-12,2831.25,2.419,12.055,2049.37
2018-04-13,2816.27,2.455,11.9293,2020.59
2018-04-16,2794.04,2.461,11.9457,2000.85
2018-04-17,2808.37,2.414,11.9846,2003.3
2018-04-18,2794.02,2.4,12.1297,1973.7
2018-04-19,2812.88,2.405,12.0654,1989.11
2018-04-20,2819.73,2.389,11.9588,2005.38
2018-04-23,2778.42,2.381,11.8851,2011.9
2018-04-24,2822.88,2.378,11.7753,1992.3
2018-04-25,2875.18,2.375,11.887,2017.8
2018-04-26,2858.76,2.377,12.0175,2055.76
2018-04-27,2848.84,2.34,12.0454,2059.1
2018-04-30,2858.14,2.315,12.1498,2069.2
2018-05-01,2868.86,2.27,12.1622,2073.58
2018-05-02,2888.97,2.304,12.1551,2084.13
2018-05-03,2948.81,2.231,12.1277,2082.51
2018-05-04,2944.77,2.271,12.1024,2082.49
2018-05-07,2922.53,2.32,11.9729,2100.16
2018-05-08,2883.65,2.309,11.9961,2145.61
2018-05-09,2863.79,2.218,11.9936,2119.38
2018-05-10,2863.99,2.206,12.0573,2118.04
2018-05-11,2917.02,2.203,12.0662,2096.29
2018-05-14,2903.12,2.168,12.0534,2127.18
2018-05-15,2910.78,2.15,11.9811,2116.59
2018-05-16,2911.47,2.204,11.9881,2089.9
2018-05-17,2947.46,2.227,12.0512,2102.57
2018-05-18,3024.09,2.195,11.9561,2136.48
2018-05-21,3009.29,2.139,11.9644,2149.92
2018-05-22,2995.79,2.127,11.9849,2154.53
2018-05-23,3028.45,2.12,11.9257,2163.13
2018-05-24,3050.39,2.137,11.8777,2191.51
2018-05-25,3108.49,2.119,11.8978,2174.99
2018-05-28,3127.94,2.137,11.8048,2173.45
2018-05-29,3117.97,2.204,11.8347,2165.26
2018-05-30,3137.7,2.233,11.7617,2143.27
2018-05-31,3173.95,2.231,11.8504,2137.58
2018-06-01,3201.38,2.225,12.0469,2159.65
2018-06-04,3218.95,2.213,11.9755,2171.34
2018-06-05,3254.77,2.254,12.0213,2184.62
2018-06-06,3294.37,2.232,11.9613,2188.16
2018-06-07,3341.55,2.234,12.0497,2199.15
2018-06-08,3364.64,2.236,11.9444,2184.02
2018-06-11,3360.37,2.218,11.9856,2178.6
2018-06-12,3366.65,2.17,11.9136,2183.02
2018-06-13,3408.88,2.181,11.8973,2189.13
2018-06-14,3382.5,2.179,11.8127,2196.11
2018-06-15,3396.35,2.197,11.8818,2194.04
2018-06-18,3384.37,2.178,11.8134,2187.25
2018-06-19,3386.7,2.221,11.86,2250.98
2018-06-20,3431.64,2.19,11.8324,2270.11
2018-06-21,3439.58,2.25,11.8239,2279.25
2018-06-22,3442.56,2.189,11.8371,2275.15
2018-06-25,3397.42,2.205,11.7751,2266.61
2018-06-26,3424.24,2.221,11.7934,2264.62
2018-06-27,3447.79,2.193,11.9213,2271.28
2018-06-28,3524.6,2.208,11.8575,2233.84
2018-06-29,3515.17,2.253,11.9562,2203.17
2018-07-02,3524.29,2.176,12.0832,2191.23
2018-07-03,3534.51,2.193,12.0153,2195.98
2018-07-04,3592.14,2.106,11.8945,2191.91
2018-07-05,3590.15,2.072,11.9206,2221.93
2018-07-06,3601.63,2.129,11.876,2193.14
2018-07-09,3625.04,2.109,12.0333,2179.02
2018-07-10,3633.26,2.068,12.0372,2209.7
2018-07-11,3618.52,2.061,11.9707,2212.97
2018-07-12,3627.0,2.134,11.8759,2231.33
2018-07-13,3667.62,2.07,11.9679,2273.59
2018-07-16,3631.62,2.033,11.9211,2260.11
2018-07-17,3637.9,2.085,11.9257,2258.77
2018-07-18,3613.97,2.15,12.0067,2253.92
2018-07-19,3658.88,2.147,11.967,2215.28
2018-07-20,3605.01,2.103,11.9641,2209.76
2018-07-23,3586.35,2.177,11.9637,2228.02
2018-07-24,3601.35,2.233,12.022,2239.56
2018-07-25,3659.63,2.256,12.0728,2252.75
2018-07-26,3658.69,2.228,12.0552,2245.82
2018-07-27,3639.89,2.226,12.0615,2233.27
2018-07-30,3710.5,2.221,12.0311,2259.61
2018-07-31,3658.62,2.233,11.9083,2250.19
2018-08-01,3580.48,2.283,11.9307,2256.83
2018-08-02,3597.71,2.314,12.0908,2260.83
2018-08-03,3581.12,2.277,12.0172,2291.45
2018-08-06,3546.16,2.325,11.9533,2312.27
2018-08-07,3572.79,2.336,11.8816,2286.16
2018-08-08,3582.95,2.36,11.943,2262.53
2018-08-09,3564.22,2.411,11.9815,2275.03
2018-08-10,3520.29,2.372,11.9691,2274.4
2018-08-13,3552.55,2.371,11.8934,2265.78
2018-08-14,3577.16,2.353,11.9021,2287.27
2018-08-15,3575.04,2.298,11.7734,2291.82
2018-08-16,3643.13,2.31,11.7861,2293.59
2018-08-17,3605.8,2.398,11.8592,2310.44
2018-08-20,3552.63,2.334,11.7567,2303.34
2018-08-21,3529.54,2.333,11.6322,2336.79
2018-08-22,3529.35,2.355,11.7625,2320.97
2018-08-23,3539.36,2.359,11.7132,2335.43
2018-08-24,3532.24,2.355,11.8076,2366.48
2018-08-27,3546.12,2.31,11.7958,2338.02
2018-08-28,3503.42,2.318,11.7834,2331.51
2018-08-29,3555.79,2.292,11.8206,2356.31
2018-08-30,3554.29,2.215,11.7486,2381.69
2018-08-31,3595.66,2.257,11.7604,2378.73
2018-09-03,3609.45,2.291,11.73,2363.77
2018-09-04,3627.42,2.292,11.623,2384.91
2018-09-05,3649.61,2.301,11.6514,2411.17
2018-09-06,3667.45,2.338,11.6309,2386.74
2018-09-07,3692.58,2.346,11.6191,2361.73
2018-09-10,3743.48,2.378,11.522,2367.23
2018-09-11,3752.35,2.367,11.652,2381.39
2018-09-12,3780.56,2.413,11.7246,2375.7
2018-09-13,3778.68,2.425,11.805,2390.99
2018-09-14,3835.02,2.432,11.7807,2376.47
2018-09-17,3810.69,2.387,11.6399,2332.37
2018-09-18,3881.5,2.397,11.8011,2324.18
2018-09-19,3881.49,2.368,11.797,2326.21
2018-09-20,3827.88,2.346,11.7362,2321.13
2018-09-21,3834.32,2.317,11.7715,2297.75
2018-09-24,3809.82,2.28,11.869,2261.18
2018-09-25,3843.52,2.355,11.868,2251.42
2018-09-26,3820.04,2.401,11.9757,2270.36
2018-09-27,3804.56,2.468,12.0678,2296.87
2018-09-28,3734.84,2.426,11.9781,2322.25
2018-10-01,3719.47,2.428,11.9227,2305.95
2018-10-02,3631.85,2.383,12.0039,2282.81
2018-10-03,3576.21,2.359,11.779,2293.73
2018-10-04,3604.95,2.327,11.7677,2307.57
2018-10-05,3634.84,2.37,11.6513,2316.59
2018-10-08,3651.8,2.356,11.6134,2275.66
2018-10-09,3618.11,2.394,11.5901,2258.65
2018-10-10,3617.83,2.415,11.562,2258.72
2018-10-11,3619.14,2.496,11.5183,2269.33
2018-10-12,3578.89,2.444,11.4311,2285.74
2018-10-15,3634.56,2.488,11.6169,2289.4
2018-10-16,3668.05,2.528,11.7707,2296.91
2018-10-17,3661.42,2.494,11.6763,2299.36
2018-10-18,3663.87,2.529,11.8072,2314.28
2018-10-19,3672.98,2.541,11.7752,2321.51
2018-10-22,3600.19,2.533,11.7868,2323.58
2018-10-23,3592.74,2.505,11.7825,2318.67
2018-10-24,3569.75,2.479,11.7292,2321.06
2018-10-25,3535.59,2.551,11.8112,2331.9
2018-10-26,3527.07,2.551,11.8226,2338.23
2018-10-29,3592.49,2.579,11.7841,2346.96
2018-10-30,3617.03,2.551,11.6779,2376.2
2018-10-31,3597.87,2.524,11.606,2382.6
2018-11-01,3619.98,2.562,11.4744,2369.43
2018-11-02,3672.46,2.515,11.4763,2389.07
2018-11-05,3708.06,2.5,11.3815,2360.58
2018-11-06,3711.75,2.501,11.3612,2338.42
2018-11-07,3689.29,2.505,11.4716,2346.2
2018-11-08,3716.63,2.499,11.5693,2357.84
2018-11-09,3732.77,2.513,11.5676,2332.26
2018-11-12,3767.85,2.537,11.5614,2324.94
2018-11-13,3793.37,2.563,11.7155,2312.98
2018-11-14,3834.93,2.529,11.7593,2303.57
2018-11-15,3815.98,2.519,11.7332,2323.91
2018-11-16,3868.13,2.561,11.6176,2339.43
2018-11-19,3877.34,2.592,11.6506,2339.73
2018-11-20,3960.23,2.544,11.7194,2328.96
2018-11-21,3934.6,2.556,11.6686,2301.54
2018-11-22,4005.1,2.487,11.6934,2331.84
2018-11-23,4014.64,2.489,11.6646,2345.0
2018-11-26,3990.17,2.555,11.6505,2330.84
2018-11-27,3972.5,2.522,11.4503,2346.68
2018-11-28,3961.38,2.493,11.4334,2345.91
2018-11-29,3979.81,2.52,11.5122,2340.55
2018-11-30,4002.27,2.466,11.4624,2350.44
2018-12-03,3980.97,2.444,11.4675,2335.51
2018-12-04,3981.59,2.465,11.4079,2329.0
2018-12-05,4069.43,2.442,11.4376,2332.24
2018-12-06,4142.0,2.434,11.4212,2322.48
2018-12-07,4161.78,2.46,11.3473,2337.21
2018-12-10,4165.02,2.475,11.4545,2377.57
2018-12-11,4171.7,2.485,11.5302,2362.19
2018-12-12,4199.05,2.473,11.4824,2327.75
2018-12-13,4157.98,2.486,11.5234,2286.88
2018-12-14,4148.95,2.481,11.5677,2284.47
2018-12-17,4081.93,2.497,11.6208,2271.56
2018-12-18,4099.9,2.48,11.4847,2276.49
2018-12-19,4128.17,2.474,11.5668,2279.9
2018-12-20,4109.92,2.439,11.5217,2247.91
2018-12-21,4176.79,2.438,11.4938,2212.15
2018-12-24,4127.55,2.41,11.709,2218.72
2018-12-25,4069.18,2.371,11.7347,2222.09
2018-12-26,4079.95,2.38,11.7039,2214.26
2018-12-27,4124.55,2.387,11.5256,2182.13
2018-12-28,4196.27,2.415,11.6392,2192.07
2018-12-31,4178.73,2.4,11.531,2217.97
2019-01-01,4225.74,2.414,11.4512,2224.19
2019-01-02,4225.8,2.433,11.4256,2207.95
2019-01-03,4220.2,2.449,11.5404,2209.5
2019-01-04,4259.36,2.42,11.6039,2183.16
2019-01-07,4288.95,2.425,11.592,2204.71
2019-01-08,4223.56,2.438,11.618,2206.99
2019-01-09,4288.1,2.439,11.5702,2172.8
2019-01-10,4349.43,2.366,11.5824,2167.58
2019-01-11,4324.03,2.371,11.5893,2177.29
2019-01-14,4342.92,2.449,11.6691,2171.42
2019-01-15,4366.17,2.436,11.7493,2166.69
2019-01-16,4379.32,2.411,11.791,2143.59
2019-01-17,4357.03,2.424,11.762,2155.19
2019-01-18,4329.6,2.435,11.8242,2143.29
2019-01-21,4330.22,2.477,11.8176,2102.73
2019-01-22,4383.06,2.433,11.7293,2096.34
2019-01-23,4408.71,2.458,11.6972,2115.57
2019-01-24,4394.16,2.479,11.7051,2108.85
2019-01-25,4429.97,2.474,11.7808,2142.74
2019-01-28,4307.29,2.486,11.7666,2151.67
2019-01-29,4358.79,2.522,11.6684,2158.89
2019-01-30,4285.33,2.553,11.674,2157.04
2019-01-31,4271.54,2.513,11.6842,2156.36
2019-02-01,4225.67,2.541,11.7003,2151.9
2019-02-04,4172.98,2.539,11.7768,2146.7
2019-02-05,4223.39,2.542,11.8621,2157.63
2019-02-06,4205.37,2.544,11.8138,2140.17
2019-02-07,4221.65,2.539,11.7639,2120.19
2019-02-08,4221.36,2.581,11.6795,2099.49
2019-02-11,4243.24,2.578,11.7377,2139.15
2019-02-12,4248.2,2.539,11.8583,2150.03
2019-02-13,4195.73,2.525,11.8331,2156.57
2019-02-14,4239.43,2.532,11.8141,2136.79
2019-02-15,4220.24,2.575,11.937,2149.45
2019-02-18,4156.72,2.596,11.9802,2147.84
2019-02-19,4140.62,2.566,12.0178,2152.63
2019-02-20,4204.91,2.653,11.919,2134.43
2019-02-21,4242.51,2.662,11.9767,2138.16
2019-02-22,4229.43,2.707,11.9,2130.65
2019-02-25,4216.37,2.702,11.8069,2116.66
2019-02-26,4204.51,2.721,11.7792,2131.33
2019-02-27,4294.46,2.75,11.732,2102.67
2019-02-28,4312.62,2.793,11.7147,2114.02
2019-03-01,4332.94,2.83,11.5981,2127.72
2019-03-04,4379.56,2.86,11.6771,2111.57
2019-03-05,4391.79,2.849,11.7706,2096.67
2019-03-06,4382.18,2.829,11.6122,2093.09
2019-03-07,4375.33,2.841,11.6929,2099.04
2019-03-08,4373.95,2.874,11.6277,2096.79
2019-03-11,4374.07,2.866,11.6986,2105.61
2019-03-12,4407.78,2.903,11.6939,2139.93
2019-03-13,4411.83,2.954,11.6972,2130.82
2019-03-14,4446.05,2.922,11.683,2098.81
2019-03-15,4444.24,2.893,11.7835,2115.1
2019-03-18,4449.52,2.888,11.6826,2148.03
2019-03-19,4363.24,2.899,11.7334,2156.28
2019-03-20,4405.16,2.881,11.8251,2135.92
2019-03-21,4422.22,2.928,11.8855,2134.18
2019-03-22,4468.36,2.943,12.0815,2113.44
2019-03-25,4342.54,2.944,12.0378,2126.34
2019-03-26,4435.96,2.894,12.1197,2101.26
2019-03-27,4431.54,2.848,12.1117,2096.22
2019-03-28,4482.72,2.858,12.2177,2077.98
2019-03-29,4438.12,2.783,12.218,2080.98
2019-04-01,4467.18,2.819,12.1858,2074.75
2019-04-02,4422.14,2.813,12.2987,2078.68
2019-04-03,4396.4,2.927,12.2575,2079.72
2019-04-04,4483.15,3.008,12.1378,2061.96
2019-04-05,4476.4,3.002,12.0949,2074.24
2019-04-08,4487.94,2.998,12.1484,2073.96
2019-04-09,4528.97,3.033,12.2684,2056.2
2019-04-10,4553.3,3.092,12.2789,2098.72
2019-04-11,4561.98,3.035,12.3937,2108.37
2019-04-12,4580.49,2.973,12.2774,2106.1
2019-04-15,4693.79,2.951,12.2404,2133.74
2019-04-16,4692.96,2.971,12.2167,2170.05
2019-04-17,4704.29,2.989,12.2078,2167.87
2019-04-18,4755.88,3.026,12.216,2175.31
2019-04-19,4810.67,2.984,12.2762,2156.7
2019-04-22,4870.06,2.903,12.239,2154.49
2019-04-23,4903.23,2.933,12.2519,2151.28
2019-04-24,4849.44,2.905,12.249,2155.5
2019-04-25,4931.28,2.834,12.1709,2162.62
2019-04-26,4877.02,2.839,12.1622,2174.19
2019-04-29,4893.76,2.867,12.1509,2179.5
2019-04-30,4858.93,2.863,12.1379,2156.53
2019-05-01,4857.76,2.847,12.1415,2139.03
2019-05-02,4875.7,2.841,12.1489,2129.18
2019-05-03,4893.35,2.828,12.1132,2124.41
2019-05-06,4916.01,2.781,12.2226,2145.24
2019-05-07,4997.98,2.756,12.1239,2123.54
2019-05-08,5022.71,2.774,12.0638,2117.36
2019-05-09,5012.47,2.786,12.3019,2136.24
2019-05-10,5063.05,2.792,12.2138,2131.12
2019-05-13,5125.68,2.757,12.0996,2140.61
2019-05-14,5065.17,2.751,12.1629,2138.57
2019-05-15,5097.56,2.674,11.9883,2144.16
2019-05-16,5135.48,2.681,11.9695,2140.4
2019-05-17,5122.27,2.731,12.1516,2153.93
2019-05-20,5195.3,2.679,12.0219,2124.82
2019-05-21,5189.59,2.659,11.8572,2118.52
2019-05-22,5198.19,2.67,11.7344,2124.82
2019-05-23,5191.27,2.714,11.8093,2135.69
2019-05-24,5194.16,2.699,11.9036,2165.23
2019-05-27,5139.58,2.674,11.8619,2158.27
2019-05-28,5068.13,2.606,11.9198,2187.86
2019-05-29,5151.65,2.609,12.0373,2175.58
2019-05-30,5110.24,2.681,12.1898,2202.41
2019-05-31,5061.86,2.691,12.1698,2219.34
2019-06-03,4956.0,2.69,11.9763,2201.83
2019-06-04,4926.41,2.701,11.9086,2208.58
2019-06-05,4863.6,2.701,11.874,2208.23
2019-06-06,4946.1,2.672,11.8535,2221.36
2019-06-07,4998.3,2.701,11.8388,2217.57
2019-06-10,4966.0,2.709,11.9329,2212.11
2019-06-11,5081.16,2.71,12.0408,2240.2
2019-06-12,5133.35,2.676,12.0273,2238.89
2019-06-13,5118.75,2.721,12.1211,2256.28
2019-06-14,4994.39,2.745,12.1524,2252.38
2019-06-17,5112.17,2.725,12.1589,2287.11
2019-06-18,5043.64,2.761,12.2373,2273.87
2019-06-19,4963.32,2.743,12.2444,2262.01
2019-06-20,5016.34,2.716,12.4231,2293.95
2019-06-21,5142.29,2.689,12.2996,2285.47
2019-06-24,5216.05,2.627,12.2563,2319.34
2019-06-25,5247.65,2.644,12.2465,2338.73
2019-06-26,5281.06,2.58,12.2852,2336.18
2019-06-27,5328.46,2.537,12.3957,2299.05
2019-06-28,5371.2,2.464,12.3946,2299.34
2019-07-01,5388.48,2.461,12.2728,2302.14
2019-07-02,5396.25,2.456,12.3463,2327.14
2019-07-03,5395.03,2.445,12.4127,2361.36
2019-07-04,5356.65,2.408,12.2461,2347.55
2019-07-05,5343.78,2.367,12.2468,2365.25
2019-07-08,5256.17,2.384,12.1122,2382.31
2019-07-09,5253.11,2.365,12.0569,2406.16
2019-07-10,5203.51,2.376,11.9819,2417.71
2019-07-11,5148.46,2.345,12.051,2376.52
2019-07-12,5159.79,2.351,12.0618,2373.91
2019-07-15,5234.21,2.397,11.9547,2350.06
2019-07-16,5284.62,2.417,12.0295,2346.48
2019-07-17,5204.35,2.403,11.9104,2367.98
2019-07-18,5155.16,2.412,11.9389,2375.2
2019-07-19,5205.97,2.404,11.872,2400.59
2019-07-22,5157.14,2.404,11.8426,2408.71
2019-07-23,5147.62,2.393,11.8854,2381.44
2019-07-24,5178.09,2.387,11.9298,2328.72
2019-07-25,5130.24,2.394,12.043,2332.54
2019-07-26,5137.7,2.36,12.037,2328.75
2019-07-29,5071.65,2.324,12.0638,2309.06
2019-07-30,5043.26,2.276,12.0279,2274.67
2019-07-31,5061.43,2.22,12.0442,2260.35
2019-08-01,4983.44,2.177,12.0822,2257.08
2019-08-02,5007.44,2.183,12.0749,2271.32
2019-08-05,5008.46,2.152,11.9243,2275.87
2019-08-06,5038.22,2.17,11.953,2309.74
2019-08-07,5051.54,2.171,11.9845,2289.0
2019-08-08,5122.97,2.102,11.9285,2307.91
2019-08-09,5131.44,2.125,11.8227,2309.59
2019-08-12,5111.5,2.153,11.9464,2324.77
2019-08-13,5119.8,2.119,11.9886,2316.35
2019-08-14,5149.75,2.133,11.9703,2339.5
2019-08-15,5154.33,2.103,11.8764,2346.43
2019-08-16,5158.48,2.107,11.8092,2332.82
2019-08-19,5124.45,2.063,11.9183,2333.27
2019-08-20,5092.63,2.0,11.9308,2328.94
2019-08-21,5023.7,1.987,11.8858,2339.92
2019-08-22,5114.42,1.982,11.9292,2315.9
2019-08-23,5053.21,1.968,11.8624,2315.99
2019-08-26,5020.33,1.927,11.9886,2324.94
2019-08-27,4986.39,1.913,12.1037,2326.33
2019-08-28,5033.22,1.923,12.0652,2355.4
2019-08-29,5020.41,1.921,12.0131,2372.58
2019-08-30,5085.48,1.928,11.7959,2373.13
2019-09-02,5053.36,1.904,11.6752,2378.48
2019-09-03,5069.51,1.945,11.5671,2385.53
2019-09-04,5029.35,1.904,11.579,2394.93
2019-09-05,5140.46,1.921,11.5535,2356.6
2019-09-06,5081.8,1.963,11.4461,2350.92
2019-09-09,5099.61,1.98,11.4245,2320.42
2019-09-10,5134.09,1.972,11.4659,2347.97
2019-09-11,5157.44,1.954,11.5093,2347.39
2019-09-12,5149.95,1.99,11.3582,2344.01
2019-09-13,5145.33,1.941,11.3489,2363.72
2019-09-16,5149.64,1.907,11.2404,2373.43
2019-09-17,5144.13,1.893,11.3125,2350.15
2019-09-18,5196.03,1.936,11.3757,2349.35
2019-09-19,5314.3,1.95,11.3053,2342.98
2019-09-20,5286.87,1.916,11.2457,2307.17
2019-09-23,5217.03,1.905,11.2104,2293.57
2019-09-24,5214.51,1.883,11.0359,2290.47
2019-09-25,5352.92,1.859,11.0627,2288.79
2019-09-26,5312.2,1.893,11.0425,2259.14
2019-09-27,5402.15,1.845,11.1187,2283.36
2019-09-30,5495.74,1.901,11.0344,2281.95
2019-10-01,5467.59,1.93,10.9875,2283.41
2019-10-02,5500.99,1.969,10.8731,2292.34
2019-10-03,5593.53,1.952,10.7978,2276.82
2019-10-04,5574.6,1.947,10.7097,2286.88
2019-10-07,5565.49,1.897,10.7855,2280.02
2019-10-08,5535.42,1.879,10.7338,2262.38
2019-10-09,5481.73,1.896,10.744,2274.77
2019-10-10,5448.43,1.942,10.7162,2306.2
2019-10-11,5384.3,1.903,10.6223,2321.99
2019-10-14,5388.29,1.89,10.6106,2342.06
2019-10-15,5349.1,1.885,10.6561,2331.81
2019-10-16,5363.77,1.836,10.5672,2299.22
2019-10-17,5283.07,1.857,10.6281,2330.96
2019-10-18,5302.7,1.832,10.5659,2375.17
2019-10-21,5349.23,1.825,10.5311,2409.1
2019-10-22,5245.73,1.809,10.5711,2402.56
2019-10-23,5267.5,1.781,10.523,2378.43
2019-10-24,5334.7,1.781,10.5266,2356.44
2019-10-25,5272.66,1.774,10.5043,2321.69
2019-10-28,5363.74,1.761,10.5146,2320.15
2019-10-29,5388.41,1.735,10.3417,2354.62
2019-10-30,5352.7,1.747,10.2109,2352.33
2019-10-31,5351.86,1.804,10.2558,2359.45
2019-11-01,5383.97,1.809,10.3314,2389.56
2019-11-04,5390.22,1.844,10.2666,2381.6
2019-11-05,5421.51,1.796,10.2499,2426.36
2019-11-06,5373.97,1.801,10.2718,2470.99
2019-11-07,5385.24,1.763,10.3226,2468.82
2019-11-08,5311.76,1.711,10.178,2456.76
2019-11-11,5307.98,1.685,10.1159,2472.96
2019-11-12,5262.32,1.727,10.0931,2465.98
2019-11-13,5225.85,1.761,10.1437,2441.18
2019-11-14,5292.96,1.769,10.3235,2470.23
2019-11-15,5353.18,1.715,10.3079,2498.17
2019-11-18,5388.05,1.709,10.2077,2502.42
2019-11-19,5331.64,1.719,10.2373,2474.88
2019-11-20,5316.93,1.725,10.3332,2448.38
2019-11-21,5383.97,1.661,10.3419,2451.48
2019-11-22,5393.77,1.63,10.2773,2441.21
2019-11-25,5522.54,1.628,10.3472,2434.46
2019-11-26,5546.52,1.647,10.3962,2457.69
2019-11-27,5559.4,1.57,10.3227,2474.7
2019-11-28,5544.46,1.564,10.3511,2506.34
2019-11-29,5554.09,1.569,10.4244,2484.84
2019-12-02,5547.85,1.599,10.5119,2477.92
2019-12-03,5589.51,1.623,10.5078,2495.65
2019-12-04,5645.5,1.644,10.4824,2506.49
2019-12-05,5603.54,1.616,10.5737,2542.06
2019-12-06,5531.65,1.549,10.4853,2552.46
2019-12-09,5433.18,1.535,10.5184,2596.05
2019-12-10,5463.03,1.57,10.4188,2609.48
2019-12-11,5405.25,1.619,10.4977,2635.34
2019-12-12,5292.24,1.644,10.4795,2628.46
2019-12-13,5314.97,1.659,10.5739,2629.59
2019-12-16,5451.32,1.673,10.6112,2652.03
2019-12-17,5453.17,1.653,10.5215,2691.62
2019-12-18,5501.28,1.649,10.6278,2710.16
2019-12-19,5507.99,1.707,10.7447,2708.94
2019-12-20,5504.75,1.674,10.8121,2743.55
2019-12-23,5557.8,1.731,10.7555,2690.77
2019-12-24,5543.9,1.719,10.7334,2657.34
2019-12-25,5560.97,1.766,10.7452,2674.5
2019-12-26,5581.12,1.717,10.6932,2675.64
2019-12-27,5546.18,1.737,10.8215,2691.07
2019-12-30,5603.71,1.712,10.8333,2693.43
2019-12-31,5596.15,1.662,10.6311,2708.12
2020-01-01,5556.24,1.67,10.6572,2689.15
2020-01-02,5588.37,1.705,10.6321,2703.81
2020-01-03,5540.6,1.676,10.6274,2728.93
2020-01-06,5544.38,1.623,10.6009,2759.9
2020-01-07,5546.09,1.62,10.6618,2811.22
2020-01-08,5608.89,1.617,10.7465,2818.24
2020-01-09,5637.83,1.636,10.7687,2826.05
2020-01-10,5638.67,1.67,10.744,2788.41
2020-01-13,5687.25,1.668,10.7418,2775.94
2020-01-14,5769.17,1.733,10.7441,2771.95
2020-01-15,5803.76,1.74,10.6848,2799.11
2020-01-16,5806.69,1.728,10.729,2784.6
2020-01-17,5733.3,1.672,10.7645,2805.47
2020-01-20,5674.83,1.663,10.8821,2806.27
2020-01-21,5659.8,1.651,10.979,2802.64
2020-01-22,5627.66,1.685,10.9273,2809.77
2020-01-23,5619.39,1.701,10.9911,2800.73
2020-01-24,5624.83,1.66,10.9191,2790.78
2020-01-27,5656.96,1.666,10.9733,2749.11
2020-01-28,5655.24,1.689,10.9345,2743.81
2020-01-29,5685.09,1.743,10.8573,2732.8
2020-01-30,5691.03,1.774,10.8795,2720.95
2020-01-31,5581.94,1.801,10.6786,2732.0
2020-02-03,5531.97,1.803,10.5493,2749.07
2020-02-04,5526.21,1.817,10.5371,2755.64
2020-02-05,5461.95,1.86,10.544,2781.28
2020-02-06,5497.02,1.814,10.5176,2796.56
2020-02-07,5584.04,1.802,10.4028,2789.98
2020-02-10,5654.78,1.775,10.3443,2779.22
2020-02-11,5644.98,1.788,10.3734,2787.89
2020-02-12,5732.05,1.831,10.4166,2803.16
2020-02-13,5742.88,1.81,10.4163,2839.5
2020-02-14,5725.84,1.727,10.5018,2870.97
2020-02-17,5693.1,1.712,10.5319,2857.87
2020-02-18,5678.18,1.744,10.4778,2856.1
2020-02-19,5658.44,1.763,10.4581,2874.27
2020-02-20,5670.36,1.778,10.3567,2902.9
2020-02-21,5681.75,1.768,10.3497,2928.41
2020-02-24,5684.19,1.724,10.4314,2927.61
2020-02-25,5711.37,1.742,10.4824,2895.62
2020-02-26,5782.09,1.713,10.5866,2870.56
2020-02-27,5839.59,1.789,10.565,2878.48
2020-02-28,5755.82,1.809,10.6659,2888.23
2020-03-02,5612.93,1.789,10.6523,2860.67
2020-03-03,5667.88,1.767,10.7635,2862.67
2020-03-04,5593.17,1.764,10.7627,2879.84
2020-03-05,5582.85,1.756,10.817,2851.02
2020-03-06,5520.11,1.795,10.9301,2880.37
2020-03-09,5423.7,1.802,10.9162,2871.47
2020-03-10,5455.33,1.776,10.9338,2905.02
2020-03-11,5499.1,1.842,11.0338,2891.98
2020-03-12,5469.67,1.844,11.0244,2866.24
2020-03-13,5331.91,1.871,10.9238,2855.3
2020-03-16,4728.98,1.621,11.8929,2743.34
2020-03-17,4453.58,1.634,11.8548,2734.59
2020-03-18,4236.38,1.645,11.869,2730.1
2020-03-19,4245.85,1.579,11.9664,2739.14
2020-03-20,4246.9,1.649,11.9165,2735.74
2020-03-23,4121.38,1.694,11.8336,2734.93
2020-03-24,4127.97,1.681,11.8556,2693.99
2020-03-25,4089.63,1.642,11.7087,2704.32
2020-03-26,4140.51,1.654,11.686,2702.96
2020-03-27,4135.61,1.657,11.707,2743.24
2020-03-30,4136.13,1.67,11.6859,2720.95
2020-03-31,4099.35,1.677,11.5612,2677.83
2020-04-01,4082.85,1.694,11.6919,2693.58
2020-04-02,4048.51,1.745,11.7013,2702.8
2020-04-03,4043.13,1.765,11.8201,2679.19
2020-04-06,4336.29,1.728,11.7995,2643.35
2020-04-07,4278.92,1.776,11.728,2680.98
2020-04-08,4212.11,1.834,11.751,2716.13
2020-04-09,4276.25,1.944,11.7342,2656.8
2020-04-10,4269.01,1.905,11.6388,2646.66
2020-04-13,4242.24,1.913,11.7601,2687.4
2020-04-14,4288.3,1.84,11.71,2676.72
2020-04-15,4264.12,1.86,11.561,2665.72
2020-04-16,4344.43,1.841,11.6699,2659.75
2020-04-17,4375.73,1.908,11.6297,2633.84
2020-04-20,4356.18,1.881,11.5813,2594.52
2020-04-21,4452.96,1.822,11.44,2620.0
2020-04-22,4427.84,1.805,11.5812,2577.67
2020-04-23,4462.6,1.736,11.478,2584.19
2020-04-24,4477.77,1.763,11.4836,2605.67
2020-04-27,4538.25,1.69,11.5581,2572.63
2020-04-28,4611.52,1.692,11.5932,2552.09
2020-04-29,4614.84,1.619,11.5893,2580.88
2020-04-30,4582.03,1.608,11.453,2594.07
2020-05-01,4605.0,1.665,11.3892,2580.47
2020-05-04,4575.73,1.678,11.4051,2609.32
2020-05-05,4670.66,1.648,11.3433,2638.6
2020-05-06,4678.91,1.647,11.3604,2645.79
2020-05-07,4663.71,1.647,11.4156,2625.23
2020-05-08,4674.2,1.664,11.4937,2616.27
2020-05-11,4613.5,1.616,11.3964,2623.81
2020-05-12,4570.72,1.637,11.5739,2620.14
2020-05-13,4627.77,1.542,11.6372,2643.17
2020-05-14,4599.31,1.52,11.638,2607.81
2020-05-15,4553.23,1.503,11.728,2573.75
2020-05-18,4579.56,1.526,11.9248,2578.71
2020-05-19,4636.04,1.526,11.8063,2568.1
2020-05-20,4671.36,1.477,11.7886,2554.42
2020-05-21,4720.01,1.443,11.5949,2514.85
2020-05-22,4686.3,1.45,11.6115,2516.04
2020-05-25,4621.99,1.447,11.6421,2515.6
2020-05-26,4693.78,1.427,11.6399,2531.2
2020-05-27,4680.53,1.41,11.5876,2533.53
2020-05-28,4670.67,1.435,11.4234,2531.27
2020-05-29,4735.01,1.416,11.4543,2558.99
2020-06-01,4763.33,1.413,11.5725,2529.7
2020-06-02,4787.01,1.489,11.5256,2542.71
2020-06-03,4893.74,1.44,11.5621,2505.5
2020-06-04,4864.29,1.375,11.4368,2487.41
2020-06-05,4911.6,1.402,11.4744,2461.15
2020-06-08,4916.36,1.379,11.4437,2479.28
2020-06-09,4931.56,1.368,11.3837,2478.56
2020-06-10,5009.52,1.34,11.3242,2479.0
2020-06-11,5037.04,1.331,11.294,2455.17
2020-06-12,5066.25,1.387,11.3251,2449.29
2020-06-15,5122.93,1.415,11.2225,2433.25
2020-06-16,5106.31,1.446,11.1922,2442.39
2020-06-17,5065.66,1.396,11.1899,2421.43
2020-06-18,5015.02,1.356,11.105,2451.32
2020-06-19,4919.33,1.256,11.2465,2415.36
2020-06-22,5023.54,1.228,11.1804,2398.61
2020-06-23,4970.41,1.262,11.129,2435.82
2020-06-24,4961.41,1.28,11.0539,2427.03
2020-06-25,4949.68,1.272,11.1949,2399.19
2020-06-26,4966.9,1.271,11.2392,2404.65
2020-06-29,5009.59,1.247,11.1666,2395.1
2020-06-30,5054.9,1.255,11.2543,2377.86
2020-07-01,5027.53,1.281,11.271,2355.23
2020-07-02,5021.14,1.225,11.2923,2415.38
2020-07-03,5037.36,1.236,11.266,2410.64
2020-07-06,5026.86,1.268,11.2079,2369.93
2020-07-07,5110.36,1.254,11.2353,2402.73
2020-07-08,5137.56,1.278,11.1935,2416.7
2020-07-09,5177.53,1.377,11.3376,2400.81
2020-07-10,5214.05,1.373,11.2382,2381.45
2020-07-13,5277.7,1.387,11.3606,2396.64
2020-07-14,5289.38,1.361,11.3527,2392.04
2020-07-15,5223.32,1.368,11.3774,2351.64
2020-07-16,5246.34,1.384,11.4449,2390.49
2020-07-17,5214.36,1.391,11.3954,2381.89
2020-07-20,5188.94,1.355,11.4655,2414.89
2020-07-21,5221.55,1.362,11.2511,2443.57
2020-07-22,5288.72,1.414,11.1954,2422.38
2020-07-23,5291.96,1.429,11.1241,2445.74
2020-07-24,5310.46,1.463,11.0278,2432.17
2020-07-27,5403.79,1.455,11.0121,2392.37
2020-07-28,5418.98,1.481,11.0428,2383.96
2020-07-29,5564.04,1.491,11.0981,2393.23
2020-07-30,5597.83,1.458,11.1178,2383.99
2020-07-31,5502.33,1.469,11.067,2378.13
2020-08-03,5546.16,1.434,11.0965,2403.45
2020-08-04,5569.56,1.412,11.107,2406.48
2020-08-05,5644.12,1.419,11.1809,2389.0
2020-08-06,5684.52,1.429,11.2428,2404.86
2020-08-07,5678.92,1.388,11.2461,2409.87
2020-08-10,5612.06,1.425,11.1766,2356.5
2020-08-11,5602.59,1.445,11.1265,2366.31
2020-08-12,5557.36,1.42,11.0847,2375.39
2020-08-13,5527.4,1.366,11.0611,2376.53
2020-08-14,5562.25,1.361,11.0828,2396.4
2020-08-17,5658.18,1.346,11.1393,2382.65
2020-08-18,5682.83,1.35,11.1362,2390.6
2020-08-19,5617.52,1.337,11.1383,2357.83
2020-08-20,5644.81,1.267,11.1504,2367.19
2020-08-21,5715.05,1.253,11.1111,2409.89
2020-08-24,5682.58,1.243,11.0402,2389.13
2020-08-25,5677.24,1.265,10.9063,2373.56
2020-08-26,5680.34,1.241,10.8542,2359.15
2020-08-27,5638.19,1.299,10.8911,2362.62
2020-08-28,5677.13,1.232,10.8385,2340.82
2020-08-31,5672.53,1.278,10.8213,2350.42
2020-09-01,5698.66,1.271,10.8576,2369.11
2020-09-02,5650.57,1.301,10.8981,2381.25
2020-09-03,5628.16,1.304,10.8169,2344.35
2020-09-04,5671.23,1.344,10.8936,2366.15
2020-09-07,5652.38,1.33,10.9807,2386.91
2020-09-08,5753.15,1.292,10.8951,2405.54
2020-09-09,5732.49,1.341,10.8333,2414.35
2020-09-10,5747.69,1.337,10.9249,2419.86
2020-09-11,5803.86,1.345,10.9146,2443.18
2020-09-14,5724.41,1.389,10.7471,2486.59
2020-09-15,5626.75,1.352,10.6432,2466.09
2020-09-16,5543.77,1.373,10.6255,2490.89
2020-09-17,5616.46,1.353,10.5402,2489.7
2020-09-18,5587.78,1.348,10.5106,2487.54
2020-09-21,5734.87,1.351,10.5138,2454.12
2020-09-22,5704.88,1.298,10.6228,2448.57
2020-09-23,5717.7,1.271,10.6021,2427.42
2020-09-24,5808.88,1.318,10.6828,2418.03
2020-09-25,5928.96,1.349,10.7911,2394.97
2020-09-28,6054.88,1.347,10.9008,2386.03
2020-09-29,6130.94,1.356,10.9234,2378.04
2020-09-30,6196.52,1.346,10.7752,2380.82
2020-10-01,6235.84,1.393,10.8109,2347.18
2020-10-02,6287.08,1.386,10.8914,2317.53
2020-10-05,6255.03,1.394,10.8861,2325.79
2020-10-06,6206.54,1.435,11.0207,2309.85
2020-10-07,6208.81,1.407,11.0881,2333.0
2020-10-08,6200.74,1.462,11.1332,2338.44
2020-10-09,6175.17,1.408,11.2191,2351.95
2020-10-12,6220.81,1.466,11.2462,2382.71
2020-10-13,6283.03,1.453,11.0526,2376.79
2020-10-14,6291.11,1.444,11.0149,2365.24
2020-10-15,6387.3,1.378,11.1085,2384.59
2020-10-16,6317.32,1.362,11.0468,2396.27
2020-10-19,6307.62,1.326,11.0304,2392.95
2020-10-20,6265.07,1.305,10.9509,2423.83
2020-10-21,6151.68,1.3,11.0894,2419.93
2020-10-22,6149.05,1.333,11.2216,2421.37
2020-10-23,6144.03,1.341,11.1532,2422.56
2020-10-26,6240.22,1.352,11.1656,2402.99
2020-10-27,6282.22,1.313,11.1135,2405.39
2020-10-28,6220.69,1.282,11.1623,2436.55
2020-10-29,6339.64,1.345,11.2031,2447.06
2020-10-30,6420.09,1.32,11.2678,2448.48
2020-11-02,6460.16,1.378,11.2949,2445.65
2020-11-03,6448.12,1.369,11.5303,2453.68
2020-11-04,6389.11,1.37,11.4486,2471.03
2020-11-05,6367.92,1.407,11.3132,2485.37
2020-11-06,6440.2,1.452,11.283,2478.7
2020-11-09,6565.35,1.448,11.1608,2486.7
2020-11-10,6670.12,1.434,11.0457,2498.21
2020-11-11,6640.25,1.432,10.9694,2476.41
2020-11-12,6568.95,1.444,10.8997,2480.91
2020-11-13,6580.84,1.475,10.828,2433.85
2020-11-16,6468.07,1.476,10.8682,2445.17
2020-11-17,6491.6,1.497,10.8306,2460.49
2020-11-18,6484.62,1.555,10.8179,2477.84
2020-11-19,6457.05,1.568,10.8867,2469.79
2020-11-20,6357.44,1.579,10.8293,2477.41
2020-11-23,6392.74,1.526,10.8101,2510.12
2020-11-24,6361.32,1.434,10.8387,2543.02
2020-11-25,6289.84,1.448,10.6932,2543.12
2020-11-26,6114.2,1.444,10.517,2547.07
2020-11-27,6114.96,1.426,10.5434,2573.44
2020-11-30,6226.79,1.435,10.5806,2539.67
2020-12-01,6333.63,1.433,10.7355,2533.06
2020-12-02,6307.27,1.472,10.7482,2564.46
2020-12-03,6271.91,1.475,10.8109,2587.84
2020-12-04,6303.9,1.449,10.797,2597.24
2020-12-07,6243.77,1.484,10.8204,2563.04
2020-12-08,6265.15,1.477,10.9483,2562.66
2020-12-09,6315.85,1.495,10.7876,2549.86
2020-12-10,6396.38,1.478,10.8197,2558.23
2020-12-11,6392.53,1.456,10.9835,2540.43
2020-12-14,6382.08,1.459,11.0061,2517.84
2020-12-15,6328.82,1.459,11.1349,2472.22
2020-12-16,6279.22,1.476,11.0869,2500.31
2020-12-17,6267.52,1.467,11.0853,2492.07
2020-12-18,6293.1,1.402,11.0888,2496.35
2020-12-21,6353.4,1.387,10.9188,2497.05
2020-12-22,6305.1,1.415,10.8308,2473.92
2020-12-23,6402.48,1.405,10.7488,2446.77
2020-12-24,6387.7,1.396,10.8117,2425.46
2020-12-25,6388.89,1.431,10.8788,2410.45
2020-12-28,6343.86,1.406,10.9043,2419.14
2020-12-29,6194.4,1.352,10.9683,2402.6
2020-12-30,6251.9,1.346,10.9566,2441.4
2020-12-31,6300.66,1.329,11.05,2464.81
2021-01-01,6285.47,1.296,11.0516,2483.55
2021-01-04,6292.2,1.29,11.057,2481.62
2021-01-05,6327.28,1.307,11.0373,2516.43
2021-01-06,6231.68,1.307,11.0912,2512.25
2021-01-07,6201.27,1.317,11.0594,2512.3
2021-01-08,6253.23,1.381,11.1362,2516.9
2021-01-11,6177.75,1.369,11.0492,2533.61
2021-01-12,6198.39,1.379,10.9654,2548.94
2021-01-13,6117.32,1.361,11.0191,2538.82
2021-01-14,6148.38,1.331,11.0132,2527.43
2021-01-15,6148.65,1.311,10.9791,2542.79
2021-01-18,6052.56,1.294,11.0486,2559.98
2021-01-19,6125.92,1.307,11.0027,2551.7
2021-01-20,6083.51,1.389,10.9881,2516.26
2021-01-21,6036.83,1.364,11.0972,2512.33
2021-01-22,6051.37,1.35,11.2183,2527.22
2021-01-25,6123.73,1.347,11.3433,2569.39
2021-01-26,6064.27,1.361,11.3219,2542.6
2021-01-27,6070.44,1.371,11.4207,2533.62
2021-01-28,6098.96,1.416,11.346,2525.51
2021-01-29,6143.84,1.331,11.2751,2557.29
2021-02-01,6157.15,1.247,11.092,2557.25
2021-02-02,6137.05,1.23,11.2236,2537.21
2021-02-03,6088.9,1.268,11.1568,2550.77
2021-02-04,6096.59,1.214,11.1478,2542.26
2021-02-05,6033.99,1.108,11.0779,2515.15
2021-02-08,5862.61,1.129,11.1328,2495.77
2021-02-09,5890.61,1.137,11.1045,2535.79
2021-02-10,5946.48,1.099,11.0044,2545.34
2021-02-11,5809.94,1.065,11.0393,2548.57
2021-02-12,5753.87,1.031,10.93,2543.61
2021-02-15,5791.92,1.035,10.867,2551.07
2021-02-16,5914.69,1.013,10.7087,2558.28
2021-02-17,5918.29,1.03,10.6034,2565.78
2021-02-18,5877.71,0.93,10.6175,2569.21
2021-02-19,5869.32,0.9,10.4733,2590.15
2021-02-22,5952.95,0.861,10.3661,2591.47
2021-02-23,5916.99,0.852,10.3668,2569.53
2021-02-24,5872.24,0.833,10.3282,2556.17
2021-02-25,5846.29,0.861,10.4741,2511.8
2021-02-26,5793.14,0.796,10.6103,2558.81
2021-03-01,5802.57,0.798,10.5468,2579.53
2021-03-02,5899.97,0.817,10.5889,2561.1
2021-03-03,5921.44,0.882,10.6454,2555.38
2021-03-04,5908.87,0.866,10.6018,2541.53
2021-03-05,5894.01,0.877,10.4923,2577.84
2021-03-08,5804.92,0.814,10.4922,2545.87
2021-03-09,5858.75,0.73,10.4804,2549.26
2021-03-10,5856.53,0.76,10.4493,2547.53
2021-03-11,5848.31,0.76,10.4825,2567.33
2021-03-12,6040.49,0.801,10.4284,2565.7
2021-03-15,6060.98,0.753,10.3455,2526.18
2021-03-16,6017.99,0.771,10.3542,2521.23
2021-03-17,5994.79,0.837,10.3831,2500.02
2021-03-18,6066.46,0.851,10.2987,2502.56
2021-03-19,6075.76,0.861,10.3667,2535.83
2021-03-22,5991.4,0.862,10.2398,2497.19
2021-03-23,6049.15,0.807,10.1993,2480.01
2021-03-24,6011.27,0.854,10.1817,2468.45
2021-03-25,6127.39,0.833,10.1372,2460.72
2021-03-26,6196.4,0.85,10.098,2477.91
2021-03-29,6171.22,0.796,10.232,2474.79
2021-03-30,6253.28,0.755,10.172,2484.81
2021-03-31,6260.03,0.805,10.3482,2471.6
2021-04-01,6316.17,0.793,10.3807,2477.46
2021-04-02,6349.4,0.844,10.3882,2495.61
2021-04-05,6298.4,0.841,10.4238,2479.96
2021-04-06,6260.5,0.777,10.6109,2498.21
2021-04-07,6327.85,0.808,10.5382,2500.14
2021-04-08,6309.22,0.787,10.4567,2524.53
2021-04-09,6286.32,0.812,10.4024,2520.72
2021-04-12,6229.06,0.813,10.4056,2530.14
2021-04-13,6258.0,0.759,10.2814,2529.97
2021-04-14,6390.97,0.765,10.2839,2528.54
2021-04-15,6325.64,0.841,10.4073,2535.2
2021-04-16,6329.7,0.859,10.4192,2548.25
2021-04-19,6422.29,0.857,10.3987,2520.5
2021-04-20,6419.75,0.894,10.3546,2554.0
2021-04-21,6451.43,0.902,10.4208,2512.37
2021-04-22,6385.81,0.909,10.3616,2497.68
2021-04-23,6415.79,0.871,10.4972,2496.31
2021-04-26,6406.35,0.879,10.6411,2506.34
2021-04-27,6472.4,0.916,10.6611,2542.91
2021-04-28,6552.33,0.886,10.6611,2501.49
2021-04-29,6726.92,0.936,10.7391,2490.83
2021-04-30,6768.73,0.933,10.8226,2444.34
2021-05-03,6793.53,0.902,10.7626,2445.77
2021-05-04,6809.47,0.937,10.7238,2452.49
2021-05-05,6788.18,0.927,10.6259,2488.6
2021-05-06,6813.92,0.954,10.6572,2492.05
2021-05-07,6796.54,0.944,10.7079,2516.33
2021-05-10,6810.73,0.942,10.6081,2530.35
2021-05-11,6903.82,0.959,10.5752,2521.21
2021-05-12,6837.41,0.969,10.4767,2490.19
2021-05-13,6918.56,0.899,10.4119,2497.11
2021-05-14,7013.1,0.86,10.4529,2464.54
2021-05-17,7007.62,0.893,10.4002,2494.19
2021-05-18,6863.24,0.888,10.3792,2491.3
2021-05-19,6824.38,0.87,10.2624,2519.0
2021-05-20,6916.24,0.822,10.2767,2508.89
2021-05-21,6917.42,0.785,10.2743,2515.72
2021-05-24,6851.38,0.714,10.2229,2521.22
2021-05-25,6819.61,0.71,10.2102,2520.95
2021-05-26,6879.93,0.689,10.2239,2511.91
2021-05-27,6920.42,0.656,10.1665,2521.55
2021-05-28,6906.66,0.653,10.0628,2501.37
2021-05-31,6884.13,0.666,10.1916,2475.04
2021-06-01,6859.95,0.739,10.1474,2503.63
2021-06-02,6799.69,0.687,10.1413,2520.82
2021-06-03,6913.18,0.727,10.2141,2523.07
2021-06-04,6893.69,0.761,10.4704,2561.94
2021-06-07,6980.91,0.734,10.3805,2556.54
2021-06-08,7090.76,0.741,10.414,2587.93
2021-06-09,7164.76,0.725,10.3634,2592.8
2021-06-10,7136.76,0.732,10.3252,2569.77
2021-06-11,7168.5,0.785,10.2741,2613.65
2021-06-14,7169.63,0.806,10.1943,2637.85
2021-06-15,7107.97,0.824,10.1922,2635.77
2021-06-16,7133.92,0.809,10.0883,2653.87
2021-06-17,7053.12,0.757,10.1562,2645.04
2021-06-18,7140.24,0.75,10.1609,2665.65
2021-06-21,7109.99,0.792,10.1918,2609.69
2021-06-22,7127.16,0.739,10.1594,2586.62
2021-06-23,7150.24,0.702,10.1342,2610.3
2021-06-24,7134.6,0.706,10.1554,2605.22
2021-06-25,7179.45,0.672,10.0738,2610.88
2021-06-28,7148.3,0.644,10.0494,2580.19
2021-06-29,7213.74,0.629,9.9899,2624.25
2021-06-30,7120.14,0.582,9.9286,2653.32
2021-07-01,7132.0,0.548,9.7838,2649.32
2021-07-02,7274.54,0.572,9.8768,2640.48
2021-07-05,7205.01,0.526,9.8302,2665.86
2021-07-06,7159.21,0.471,9.9114,2714.67
2021-07-07,7198.98,0.449,9.9866,2738.89
2021-07-08,7214.8,0.474,9.8979,2793.79
2021-07-09,7243.04,0.467,9.8236,2771.53
2021-07-12,7281.47,0.451,10.002,2751.99
2021-07-13,7330.77,0.453,10.1262,2723.52
2021-07-14,7415.53,0.392,10.1248,2735.19
2021-07-15,7448.97,0.409,10.1438,2740.34
2021-07-16,7433.99,0.423,10.1,2737.41
2021-07-19,7487.15,0.408,10.1314,2758.25
2021-07-20,7633.81,0.444,10.0814,2789.85
2021-07-21,7626.74,0.404,9.9398,2752.63
2021-07-22,7555.8,0.444,9.8491,2738.7
2021-07-23,7642.97,0.449,9.8513,2759.82
2021-07-26,7636.83,0.437,9.7744,2749.05
2021-07-27,7475.69,0.437,9.7706,2730.19
2021-07-28,7542.32,0.433,9.6982,2756.16
2021-07-29,7505.05,0.476,9.646,2725.18
2021-07-30,7501.26,0.438,9.7045,2718.6
2021-08-02,7529.22,0.412,9.7221,2727.48
2021-08-03,7546.59,0.448,9.7222,2714.24
2021-08-04,7603.36,0.427,9.783,2734.26
2021-08-05,7573.35,0.459,9.8168,2721.11
2021-08-06,7615.36,0.518,9.9175,2756.66
2021-08-09,7598.66,0.504,9.8864,2754.36
2021-08-10,7658.07,0.528,9.8575,2771.89
2021-08-11,7708.42,0.488,9.7689,2791.4
2021-08-12,7639.7,0.514,9.7404,2776.51
2021-08-13,7726.21,0.521,9.8072,2726.48
2021-08-16,7687.99,0.538,9.8976,2736.17
2021-08-17,7753.46,0.515,9.9652,2738.77
2021-08-18,7785.11,0.457,9.8416,2753.33
2021-08-19,7932.71,0.475,9.9173,2748.55
2021-08-20,7918.17,0.403,9.7913,2738.75
2021-08-23,7893.71,0.392,9.8538,2789.54
2021-08-24,7895.34,0.425,9.8293,2753.64
2021-08-25,7874.59,0.431,9.8785,2772.73
2021-08-26,7941.01,0.5,9.7876,2759.25
2021-08-27,7816.81,0.536,9.8689,2751.75
2021-08-30,7737.97,0.513,9.769,2744.73
2021-08-31,7658.85,0.514,9.7242,2725.77
2021-09-01,7735.07,0.512,9.6573,2740.65
2021-09-02,7871.68,0.457,9.5402,2776.0
2021-09-03,7866.61,0.424,9.5472,2788.6
2021-09-06,7856.48,0.404,9.6695,2792.03
2021-09-07,7865.13,0.333,9.8525,2768.18
2021-09-08,7960.23,0.335,9.86,2781.93
2021-09-09,7889.91,0.326,9.9381,2837.29
2021-09-10,7911.9,0.268,9.9551,2828.44
2021-09-13,7992.63,0.282,9.9907,2819.73
2021-09-14,8036.0,0.307,9.9676,2806.37
2021-09-15,8054.47,0.315,9.982,2794.87
2021-09-16,8138.75,0.304,10.0205,2727.48
2021-09-17,7924.86,0.324,9.9808,2738.26
2021-09-20,7981.96,0.348,9.9762,2718.32
2021-09-21,7933.09,0.359,9.9729,2680.01
2021-09-22,7792.3,0.33,10.0315,2699.05
2021-09-23,7835.37,0.34,9.9578,2673.7
2021-09-24,7946.93,0.382,9.955,2666.36
2021-09-27,7939.18,0.361,10.0899,2702.59
2021-09-28,8018.4,0.435,10.1733,2669.33
2021-09-29,8151.99,0.416,10.2706,2633.56
2021-09-30,8263.19,0.417,10.2732,2640.74
2021-10-01,8403.19,0.394,10.2971,2669.0
2021-10-04,8469.17,0.402,10.3705,2632.24
2021-10-05,8478.95,0.341,10.4852,2642.71
2021-10-06,8347.54,0.322,10.3438,2657.36
2021-10-07,8330.36,0.284,10.2498,2609.35
2021-10-08,8263.71,0.288,10.345,2628.96
2021-10-11,8448.45,0.323,10.3258,2650.58
2021-10-12,8436.98,0.346,10.2782,2643.94
2021-10-13,8450.76,0.263,10.1891,2674.71
2021-10-14,8500.89,0.334,10.1504,2703.02
2021-10-15,8508.0,0.345,10.0521,2706.34
2021-10-18,8656.91,0.318,10.2011,2696.18
2021-10-19,8606.62,0.323,10.2003,2673.48
2021-10-20,8626.83,0.33,10.197,2673.38
2021-10-21,8566.44,0.306,10.2399,2687.93
2021-10-22,8457.49,0.313,10.3099,2680.9
2021-10-25,8409.27,0.292,10.3792,2629.19
2021-10-26,8409.52,0.278,10.4584,2660.18
2021-10-27,8376.85,0.254,10.4131,2665.54
2021-10-28,8322.37,0.204,10.3923,2657.24
2021-10-29,8209.43,0.209,10.4492,2678.62
2021-11-01,8205.9,0.23,10.4115,2716.45
2021-11-02,8086.58,0.248,10.412,2649.6
2021-11-03,8151.54,0.276,10.4419,2660.77
2021-11-04,8161.52,0.288,10.5003,2627.61
2021-11-05,8046.64,0.269,10.3713,2640.23
2021-11-08,8025.01,0.299,10.4242,2644.07
2021-11-09,7968.06,0.251,10.4079,2660.04
2021-11-10,7996.73,0.22,10.4605,2648.91
2021-11-11,8107.89,0.186,10.5183,2605.41
2021-11-12,7960.45,0.224,10.6382,2595.64
2021-11-15,7972.8,0.257,10.7404,2605.95
2021-11-16,7963.23,0.274,10.843,2630.66
2021-11-17,8020.08,0.312,10.954,2603.84
2021-11-18,8040.41,0.281,10.9772,2628.81
2021-11-19,7983.37,0.293,10.9806,2614.31
2021-11-22,7961.12,0.289,11.0487,2623.64
2021-11-23,7901.16,0.318,11.1064,2612.41
2021-11-24,7989.83,0.314,11.0833,2617.48
2021-11-25,7994.73,0.301,11.1156,2639.37
2021-11-26,8151.44,0.32,11.1138,2611.17
2021-11-29,8149.76,0.351,11.0484,2596.02
2021-11-30,8095.47,0.327,11.1496,2601.12
2021-12-01,7977.04,0.325,11.1548,2658.75
2021-12-02,7837.62,0.288,11.3168,2638.97
2021-12-03,7717.53,0.201,11.1897,2688.68
2021-12-06,7741.27,0.208,11.147,2738.44
2021-12-07,7783.86,0.229,11.1505,2736.87
2021-12-08,7664.82,0.239,11.2405,2730.35
2021-12-09,7736.82,0.17,11.2729,2714.21
2021-12-10,7702.62,0.158,11.2983,2713.36
2021-12-13,7717.02,0.081,11.2104,2680.03
2021-12-14,7845.58,0.129,11.1209,2678.99
2021-12-15,7919.43,0.091,11.1469,2716.14
2021-12-16,7901.35,0.135,11.0418,2702.06
2021-12-17,7834.38,0.168,11.0017,2697.02
2021-12-20,7670.67,0.136,11.0412,2656.84
2021-12-21,7618.75,0.097,10.9664,2666.6
2021-12-22,7605.72,0.109,11.0912,2673.75
2021-12-23,7534.02,0.079,11.1876,2676.09
2021-12-24,7527.15,0.083,11.0661,2671.68
2021-12-27,7535.95,0.066,10.995,2665.44
2021-12-28,7522.03,0.05,10.8213,2678.32
2021-12-29,7476.29,0.05,10.763,2678.42
2021-12-30,7491.91,0.05,10.8218,2686.83
2021-12-31,7528.1,0.05,10.7914,2692.84
2022-01-03,7449.44,0.05,10.8271,2721.03
2022-01-04,7558.31,0.05,10.7132,2738.48
2022-01-05,7553.89,0.05,10.7741,2744.06
2022-01-06,7558.33,0.05,10.7331,2782.65
2022-01-07,7615.1,0.05,10.7349,2794.03
2022-01-10,7635.93,0.05,10.7288,2827.89
2022-01-11,7712.14,0.05,10.6346,2844.23
2022-01-12,7737.41,0.05,10.5499,2798.31
2022-01-13,7693.25,0.05,10.6225,2832.22
2022-01-14,7724.2,0.05,10.653,2836.51
2022-01-17,7639.41,0.05,10.7325,2836.04
2022-01-18,7650.77,0.05,10.7578,2844.08
2022-01-19,7651.29,0.05,10.7694,2836.12
2022-01-20,7638.44,0.05,10.6409,2842.77
2022-01-21,7631.68,0.05,10.6217,2828.52
2022-01-24,7492.4,0.05,10.6205,2862.0
2022-01-25,7454.38,0.05,10.7675,2859.93
2022-01-26,7464.29,0.05,10.8203,2850.96
2022-01-27,7479.22,0.05,10.9381,2828.17
2022-01-28,7405.72,0.05,10.9849,2835.87
2022-01-31,7503.05,0.05,10.9312,2841.5
2022-02-01,7441.31,0.05,10.941,2852.31
2022-02-02,7516.81,0.05,10.96,2826.91
2022-02-03,7552.01,0.05,10.8891,2787.3
2022-02-04,7506.37,0.05,10.8607,2803.88
2022-02-07,7643.88,0.05,10.8459,2842.45
2022-02-08,7556.2,0.05,10.9694,2817.16
2022-02-09,7629.02,0.05,10.8116,2858.6
2022-02-10,7708.83,0.05,10.9041,2866.78
2022-02-11,7660.36,0.05,10.8337,2867.46
2022-02-14,7770.89,0.05,10.731,2858.07
2022-02-15,7754.58,0.05,10.8209,2823.53
2022-02-16,7780.11,0.05,10.8774,2849.59
2022-02-17,7803.51,0.05,10.9742,2830.62
2022-02-18,7796.16,0.05,11.0367,2811.67
2022-02-21,7862.77,0.05,11.1979,2837.73
2022-02-22,7928.58,0.05,11.2427,2790.88
2022-02-23,7794.27,0.095,11.2313,2753.7
2022-02-24,7563.91,0.175,11.3669,2837.56
2022-02-25,7414.14,0.194,11.4672,2845.92
2022-02-28,7494.08,0.224,11.4057,2859.22
2022-03-01,7582.03,0.242,11.3547,2852.32
2022-03-02,7502.76,0.226,11.3311,2918.89
2022-03-03,7474.99,0.252,11.1662,2913.79
2022-03-04,7395.75,0.204,11.1779,2908.61
2022-03-07,7382.83,0.24,11.0322,2888.69
2022-03-08,7363.07,0.199,11.0372,2892.78
2022-03-09,7423.67,0.209,11.1051,2909.71
2022-03-10,7524.59,0.179,11.069,2942.28
2022-03-11,7633.4,0.199,11.2006,2903.98
2022-03-14,7593.64,0.198,11.0876,2898.43
2022-03-15,7580.8,0.142,11.1813,2910.98
2022-03-16,7457.24,0.157,11.2352,2927.28
2022-03-17,7400.34,0.136,11.1019,2928.33
2022-03-18,7475.08,0.167,11.3155,2943.54
2022-03-21,7599.87,0.167,11.3114,2923.06
2022-03-22,7509.64,0.181,11.243,2965.23
2022-03-23,7468.26,0.148,11.1337,2992.73
2022-03-24,7469.28,0.127,11.1174,2957.61
2022-03-25,7493.23,0.111,11.1084,2930.01
2022-03-28,7435.78,0.141,11.1173,2903.41
2022-03-29,7470.37,0.2,11.095,2922.05
2022-03-30,7438.03,0.172,11.1452,2889.33
2022-03-31,7439.93,0.21,11.1159,2881.6
2022-04-01,7483.68,0.134,10.9672,2894.28
2022-04-04,7487.15,0.092,10.9566,2893.43
2022-04-05,7457.53,0.058,10.7774,2901.05
2022-04-06,7452.34,0.05,10.805,2874.21
2022-04-07,7448.74,0.05,10.7321,2890.51
2022-04-08,7424.2,0.05,10.7452,2875.46
2022-04-11,7407.97,0.05,10.8454,2867.93
2022-04-12,7530.36,0.05,10.7744,2874.94
2022-04-13,7575.75,0.05,10.8556,2878.47
2022-04-14,7556.42,0.05,10.8236,2879.96
2022-04-15,7612.32,0.05,10.9582,2861.42
2022-04-18,7589.98,0.05,10.9311,2854.58
2022-04-19,7682.62,0.05,10.8678,2855.49
2022-04-20,7714.15,0.05,10.9211,2821.21
2022-04-21,7708.96,0.05,10.8887,2810.34
2022-04-22,7746.65,0.05,10.8256,2821.01
2022-04-25,7628.97,0.05,10.7903,2789.6
2022-04-26,7546.51,0.05,10.7878,2819.63
2022-04-27,7459.92,0.05,10.8905,2852.89
2022-04-28,7473.58,0.05,10.7449,2821.94
2022-04-29,7607.24,0.05,10.7475,2857.49
2022-05-02,7782.0,0.05,10.7955,2854.66
2022-05-03,7834.94,0.05,10.811,2866.29
2022-05-04,7877.43,0.05,10.9115,2854.36
2022-05-05,7739.92,0.05,10.9066,2879.04
2022-05-06,7701.11,0.05,10.8934,2890.45
2022-05-09,7643.74,0.065,10.9396,2870.21
2022-05-10,7599.47,0.105,10.9481,2841.12
2022-05-11,7589.74,0.057,10.9191,2804.86
2022-05-12,7557.01,0.083,10.9595,2810.45
2022-05-13,7411.87,0.082,10.9104,2825.82
2022-05-16,7470.5,0.062,10.8647,2843.28
2022-05-17,7393.75,0.068,10.8255,2841.11
2022-05-18,7414.42,0.102,10.9293,2812.52
2022-05-19,7572.84,0.119,10.6865,2796.15
2022-05-20,7506.54,0.088,10.717,2826.15
2022-05-23,7321.91,0.114,10.7205,2814.69
2022-05-24,7303.92,0.092,10.5959,2819.17
2022-05-25,7387.73,0.1,10.6198,2792.85
2022-05-26,7536.85,0.089,10.656,2802.16
2022-05-27,7447.73,0.082,10.701,2791.48
2022-05-30,7487.8,0.108,10.505,2818.75
2022-05-31,7456.03,0.072,10.6068,2839.29
2022-06-01,7451.11,0.14,10.553,2827.5
2022-06-02,7653.83,0.077,10.6047,2825.13
2022-06-03,7542.67,0.056,10.6607,2811.99
2022-06-06,7564.86,0.069,10.5963,2777.13
2022-06-07,7603.37,0.089,10.6463,2756.61
2022-06-08,7689.45,0.086,10.6184,2762.36
2022-06-09,7700.07,0.084,10.4664,2771.29
2022-06-10,7726.91,0.098,10.5532,2775.83
2022-06-13,7699.79,0.09,10.4969,2769.13
2022-06-14,7723.63,0.139,10.4352,2793.32
2022-06-15,7700.25,0.289,10.4066,2795.76
2022-06-16,7751.36,0.32,10.4273,2814.36
2022-06-17,7725.85,0.286,10.4239,2770.62
2022-06-20,7758.14,0.283,10.4648,2675.32
2022-06-21,7758.97,0.273,10.368,2682.96
2022-06-22,7849.98,0.237,10.3151,2649.58
2022-06-23,7849.08,0.25,10.3075,2645.31
2022-06-24,7714.23,0.231,10.4462,2638.92
2022-06-27,7815.32,0.254,10.4387,2677.69
2022-06-28,7747.95,0.217,10.5192,2688.15
2022-06-29,7700.54,0.277,10.5229,2692.98
2022-06-30,7657.87,0.246,10.4881,2714.15
2022-07-01,7766.96,0.254,10.4709,2723.99
2022-07-04,7605.88,0.281,10.4594,2713.6
2022-07-05,7851.46,0.261,10.5045,2740.72
2022-07-06,7937.99,0.291,10.6069,2714.3
2022-07-07,7958.91,0.248,10.6345,2723.02
2022-07-08,7957.73,0.299,10.7241,2686.17
2022-07-11,7983.67,0.3,10.6528,2691.91
2022-07-12,8028.6,0.279,10.6227,2697.4
2022-07-13,8083.8,0.269,10.5699,2739.23
2022-07-14,8132.09,0.297,10.594,2701.72
2022-07-15,8142.64,0.276,10.5683,2687.96
2022-07-18,8129.83,0.25,10.6232,2708.75
2022-07-19,8120.79,0.243,10.5551,2717.75
2022-07-20,8108.22,0.201,10.5591,2722.98
2022-07-21,8203.96,0.265,10.6108,2700.46
2022-07-22,8256.1,0.245,10.4594,2686.94
2022-07-25,8020.08,0.275,10.6167,2718.04
2022-07-26,8076.08,0.282,10.5966,2717.59
2022-07-27,8095.06,0.248,10.4482,2727.61
2022-07-28,8096.79,0.247,10.4606,2725.6
2022-07-29,8068.62,0.275,10.4639,2697.54
2022-08-01,8163.09,0.268,10.4588,2721.12
2022-08-02,8244.11,0.31,10.5324,2734.29
2022-08-03,8183.91,0.346,10.5885,2792.46
2022-08-04,8220.58,0.378,10.6115,2767.89
2022-08-05,8144.34,0.362,10.6458,2789.29
2022-08-08,8035.97,0.324,10.6389,2757.39
2022-08-09,7988.96,0.303,10.7728,2762.12
2022-08-10,8061.38,0.31,10.6627,2787.34
2022-08-11,8141.84,0.329,10.674,2736.66
2022-08-12,8186.99,0.253,10.6797,2732.44
2022-08-15,8249.87,0.253,10.7415,2719.44
2022-08-16,8295.88,0.258,10.6791,2703.12
2022-08-17,8246.13,0.249,10.5504,2713.32
2022-08-18,8285.14,0.294,10.5628,2741.65
2022-08-19,8355.06,0.309,10.5845,2739.19
2022-08-22,8421.69,0.355,10.6963,2745.08
2022-08-23,8525.82,0.347,10.6025,2748.73
2022-08-24,8589.86,0.38,10.6894,2749.6
2022-08-25,8623.55,0.437,10.8688,2723.59
2022-08-26,8719.82,0.483,10.841,2751.72
2022-08-29,8721.0,0.445,10.7443,2759.87
2022-08-30,8647.89,0.436,10.7146,2770.53
2022-08-31,8637.25,0.424,10.7165,2751.32
2022-09-01,8576.58,0.441,10.7598,2740.79
2022-09-02,8522.28,0.466,10.7162,2737.27
2022-09-05,8513.37,0.436,10.8343,2700.55
2022-09-06,8449.56,0.439,10.751,2660.63
2022-09-07,8426.95,0.368,10.6218,2647.08
2022-09-08,8272.18,0.419,10.7052,2660.35
2022-09-09,8293.16,0.401,10.537,2645.55
2022-09-12,8296.58,0.403,10.5228,2622.19
2022-09-13,8232.36,0.392,10.7558,2603.82
2022-09-14,8290.12,0.432,10.7557,2593.95
2022-09-15,8371.56,0.333,10.6725,2586.47
2022-09-16,8241.36,0.332,10.6691,2638.17
2022-09-19,8182.01,0.329,10.6662,2664.13
2022-09-20,8122.57,0.313,10.679,2689.62
2022-09-21,8049.8,0.373,10.7295,2718.87
2022-09-22,8120.1,0.342,10.6526,2695.35
2022-09-23,8107.61,0.369,10.78,2666.66
2022-09-26,8089.43,0.382,10.7994,2641.02
2022-09-27,7932.12,0.426,10.8554,2673.73
2022-09-28,7985.87,0.403,10.8086,2661.39
2022-09-29,7890.67,0.377,10.9073,2632.38
2022-09-30,7898.56,0.415,10.8885,2622.98
2022-10-03,7923.67,0.43,10.9106,2618.13
2022-10-04,8035.44,0.376,10.8404,2625.25
2022-10-05,7934.12,0.358,10.7659,2631.98
2022-10-06,7701.21,0.371,10.8187,2613.22
2022-10-07,7718.47,0.401,10.786,2630.18
2022-10-10,7861.85,0.377,10.7226,2615.88
2022-10-11,7963.04,0.275,10.6753,2612.99
2022-10-12,7982.95,0.293,10.7285,2629.98
2022-10-13,7946.97,0.251,10.6823,2615.61
2022-10-14,8014.58,0.18,10.6743,2603.03
2022-10-17,7940.11,0.081,10.6763,2617.71
2022-10-18,7981.21,0.109,10.5348,2598.36
2022-10-19,8024.87,0.114,10.4277,2590.15
2022-10-20,8113.65,0.106,10.4531,2603.92
2022-10-21,8344.01,0.155,10.4002,2653.3
2022-10-24,8380.17,0.177,10.4782,2668.6
2022-10-25,8340.96,0.234,10.5502,2680.78
2022-10-26,8342.16,0.185,10.6043,2694.43
2022-10-27,8199.16,0.184,10.7411,2669.33
2022-10-28,8145.66,0.127,10.7357,2672.91
2022-10-31,8115.63,0.119,10.7855,2672.99
2022-11-01,8076.44,0.111,10.7423,2681.54
2022-11-02,8091.99,0.133,10.9292,2685.16
2022-11-03,8028.92,0.134,11.0829,2695.16
2022-11-04,8122.68,0.156,11.0847,2688.43
2022-11-07,8125.95,0.181,11.1156,2690.65
2022-11-08,8128.45,0.256,11.2228,2661.88
2022-11-09,8105.08,0.245,11.2121,2655.02
2022-11-10,8120.91,0.213,11.1616,2689.27
2022-11-11,8191.47,0.221,11.231,2697.81
2022-11-14,8124.0,0.193,11.238,2698.11
2022-11-15,8073.94,0.245,11.2534,2745.37
2022-11-16,8052.67,0.235,11.1887,2712.77
2022-11-17,7948.2,0.215,11.0559,2686.62
2022-11-18,7886.5,0.199,11.0751,2729.17
2022-11-21,7852.17,0.224,11.1463,2731.12
2022-11-22,7924.3,0.219,11.1296,2725.98
2022-11-23,7948.32,0.196,11.243,2697.53
2022-11-24,7966.9,0.255,11.1886,2709.23
2022-11-25,8038.2,0.225,11.1072,2723.36
2022-11-28,8030.37,0.226,11.1029,2697.47
2022-11-29,8065.02,0.249,11.0973,2694.88
2022-11-30,8059.92,0.192,11.1582,2687.56
2022-12-01,8084.57,0.209,11.0987,2694.57
2022-12-02,8040.81,0.172,11.2064,2668.36
2022-12-05,7850.22,0.201,11.3627,2699.4
2022-12-06,7842.82,0.167,11.3605,2722.56
2022-12-07,7958.39,0.191,11.4612,2714.49
2022-12-08,8035.65,0.23,11.3777,2710.02
2022-12-09,8116.85,0.26,11.4646,2707.51
2022-12-12,8221.1,0.269,11.5498,2689.42
2022-12-13,8231.68,0.261,11.6208,2679.51
2022-12-14,8251.24,0.241,11.6205,2673.8
2022-12-15,8203.71,0.293,11.3835,2713.71
2022-12-16,8181.1,0.268,11.3334,2737.75
2022-12-19,8234.92,0.232,11.2848,2761.71
2022-12-20,8337.99,0.255,11.2086,2771.75
2022-12-21,8329.71,0.227,11.2191,2744.84
2022-12-22,8295.61,0.194,11.1872,2744.64
2022-12-23,8298.97,0.144,11.1237,2769.55
2022-12-26,8352.36,0.127,11.0424,2739.18
2022-12-27,8235.92,0.124,10.9881,2755.74
2022-12-28,8052.18,0.133,11.0756,2814.8
2022-12-29,8011.18,0.166,11.0254,2842.68
2022-12-30,7917.15,0.184,10.9866,2879.95
2023-01-02,7880.17,0.178,10.9524,2886.48
2023-01-03,7871.68,0.171,10.9793,2912.61
2023-01-04,7839.22,0.189,11.0153,2894.72
2023-01-05,7957.09,0.233,10.7839,2916.41
2023-01-06,7986.33,0.238,10.8621,2934.51
2023-01-09,8013.57,0.222,10.9728,2943.06
2023-01-10,8066.81,0.187,10.8933,2979.02
2023-01-11,7978.65,0.136,10.8203,2965.5
2023-01-12,8065.22,0.16,10.7871,2961.4
2023-01-13,8062.33,0.18,10.731,2964.84
2023-01-16,8119.82,0.2,10.7487,2938.37
2023-01-17,8036.47,0.196,10.6041,2945.26
2023-01-18,7915.73,0.245,10.5223,2900.92
2023-01-19,7983.93,0.228,10.6371,2929.26
2023-01-20,8017.24,0.262,10.569,2931.37
2023-01-23,7948.43,0.26,10.6623,2918.53
2023-01-24,7882.76,0.239,10.6897,2897.57
2023-01-25,7975.16,0.26,10.556,2892.33
2023-01-26,7884.02,0.274,10.6039,2911.17
2023-01-27,8017.8,0.287,10.596,2926.43
2023-01-30,7949.1,0.29,10.5632,2908.78
2023-01-31,8003.21,0.288,10.5821,2887.59
2023-02-01,7980.14,0.372,10.6182,2905.58
2023-02-02,8031.63,0.414,10.6718,2887.62
2023-02-03,7991.25,0.439,10.761,2890.04
2023-02-06,7981.44,0.443,10.7927,2894.13
2023-02-07,7987.9,0.478,10.6901,2903.14
2023-02-08,7911.41,0.496,10.6556,2926.53
2023-02-09,7973.43,0.497,10.8782,2894.32
2023-02-10,7935.79,0.487,10.9344,2845.82
2023-02-13,7920.83,0.484,11.1182,2832.17
2023-02-14,7845.6,0.373,11.2282,2879.33
2023-02-15,7650.18,0.38,11.2481,2933.09
2023-02-16,7638.64,0.363,11.2728,2982.73
2023-02-17,7828.3,0.419,11.2708,2978.44
2023-02-20,7893.12,0.42,11.1354,2931.93
2023-02-21,7894.76,0.378,11.1377,2871.61
2023-02-22,7877.18,0.377,11.2334,2856.65
2023-02-23,7882.1,0.34,11.1872,2852.41
2023-02-24,7928.52,0.357,11.2204,2886.86
2023-02-27,7838.58,0.367,11.2884,2910.37
2023-02-28,7929.59,0.401,11.2177,2917.21
2023-03-01,7989.71,0.373,11.1832,2894.81
2023-03-02,8050.52,0.374,11.1047,2870.75
2023-03-03,8089.13,0.326,11.0418,2878.18
2023-03-06,8093.96,0.351,10.9436,2897.17
2023-03-07,8151.86,0.369,10.8757,2908.27
2023-03-08,8203.53,0.387,10.9852,2882.18
2023-03-09,8177.81,0.387,10.9159,2899.98
2023-03-10,7975.89,0.401,10.9265,2911.99
2023-03-13,7987.22,0.458,10.8889,2884.93
2023-03-14,8115.15,0.448,10.98,2865.5
2023-03-15,8018.42,0.452,11.0822,2884.18
2023-03-16,7904.77,0.415,11.1503,2878.96
2023-03-17,7920.97,0.384,11.1751,2921.31
2023-03-20,7928.17,0.388,11.1579,2935.39
2023-03-21,7945.11,0.426,11.0661,2923.44
2023-03-22,7967.7,0.417,11.2186,2924.05
2023-03-23,7953.12,0.409,11.16,2926.6
2023-03-24,8075.72,0.395,11.2129,2908.35
2023-03-27,7950.65,0.376,11.2972,2885.42
2023-03-28,7888.2,0.387,11.2543,2904.56
2023-03-29,7883.21,0.334,11.3373,2927.62
2023-03-30,7757.84,0.379,11.399,2944.46
2023-03-31,7747.31,0.356,11.5386,2985.79
2023-04-03,7880.25,0.381,11.5017,2972.15
2023-04-04,7885.05,0.337,11.3996,3018.18
2023-04-05,7906.43,0.36,11.3602,2994.71
2023-04-06,7810.54,0.384,11.3777,2968.43
2023-04-07,7765.65,0.397,11.3833,2922.66
2023-04-10,7739.67,0.363,11.3529,2911.83
2023-04-11,7718.2,0.371,11.2031,2899.53
2023-04-12,7820.89,0.33,11.2409,2914.16
2023-04-13,7867.77,0.321,11.3981,2921.44
2023-04-14,7783.92,0.357,11.4361,2891.11
2023-04-17,7806.26,0.385,11.4859,2881.77
2023-04-18,7848.38,0.386,11.533,2873.01
2023-04-19,7941.55,0.352,11.566,2828.31
2023-04-20,8071.3,0.375,11.6426,2804.29
2023-04-21,7992.98,0.375,11.6758,2785.74
2023-04-24,7931.6,0.294,11.6512,2822.76
2023-04-25,7835.61,0.322,11.5874,2828.48
2023-04-26,7820.43,0.321,11.5681,2846.24
2023-04-27,7860.13,0.363,11.5945,2808.95
2023-04-28,7941.29,0.325,11.5698,2840.15
2023-05-01,7938.44,0.213,11.5962,2874.47
2023-05-02,7916.25,0.223,11.6329,2824.08
2023-05-03,7931.45,0.234,11.7018,2807.05
2023-05-04,7868.63,0.174,11.8083,2820.45
2023-05-05,8037.99,0.14,11.8157,2837.71
2023-05-08,7912.97,0.237,11.709,2821.28
2023-05-09,7930.77,0.226,11.6817,2814.37
2023-05-10,8096.13,0.252,11.6862,2800.12
2023-05-11,8099.92,0.229,11.5379,2803.75
2023-05-12,8087.78,0.156,11.6516,2834.97
2023-05-15,8062.14,0.15,11.6641,2816.21
2023-05-16,8050.83,0.141,11.6962,2842.55
2023-05-17,8165.39,0.127,11.8095,2823.46
2023-05-18,7989.96,0.123,11.7585,2802.85
2023-05-19,8116.67,0.132,11.8068,2824.42
2023-05-22,8005.11,0.127,11.7986,2848.81
2023-05-23,7986.99,0.083,11.7844,2871.58
2023-05-24,7955.96,0.1,11.7218,2838.63
2023-05-25,8006.12,0.05,11.8602,2827.6
2023-05-26,7882.35,0.05,11.83,2849.47
2023-05-29,7922.03,0.05,11.889,2851.4
2023-05-30,8087.26,0.05,11.735,2824.82
2023-05-31,7980.96,0.05,11.8332,2837.35
2023-06-01,7999.31,0.05,11.9217,2820.0
2023-06-02,7949.71,0.05,11.9308,2866.77
2023-06-05,7986.84,0.05,11.9128,2907.78
2023-06-06,7991.56,0.05,11.9471,2924.51
2023-06-07,7943.64,0.05,12.1411,2961.44
2023-06-08,7985.68,0.05,11.9931,2964.06
2023-06-09,8134.33,0.05,12.0599,2985.45
2023-06-12,8122.07,0.05,11.9841,3026.32
2023-06-13,8184.01,0.05,11.9834,3033.93
2023-06-14,8082.08,0.05,11.9636,3027.88
2023-06-15,8008.35,0.05,11.9287,2982.67
2023-06-16,8049.49,0.05,11.9288,2981.34
2023-06-19,8173.12,0.05,11.8354,3004.41
2023-06-20,8205.51,0.05,11.922,3031.0
2023-06-21,8183.14,0.05,11.7741,3045.71
2023-06-22,8186.35,0.05,11.8196,3031.81
2023-06-23,8087.86,0.05,11.7936,2979.24
2023-06-26,8140.16,0.05,11.6982,2966.88
2023-06-27,8215.59,0.05,11.7158,2959.66
2023-06-28,8181.8,0.05,11.5897,2952.22
2023-06-29,8146.69,0.05,11.5938,2969.59
2023-06-30,8171.65,0.05,11.4799,3024.04
2023-07-03,8139.29,0.05,11.5179,3028.32
2023-07-04,8137.17,0.05,11.4445,3023.32
2023-07-05,8313.16,0.05,11.4094,3017.18
2023-07-06,8295.96,0.05,11.4338,3021.47
2023-07-07,8269.6,0.05,11.373,2999.93
2023-07-10,8219.51,0.05,11.3693,3004.08
2023-07-11,8284.22,0.05,11.2504,3017.19
2023-07-12,8272.53,0.05,11.3011,3023.8
2023-07-13,8222.27,0.05,11.4425,3037.19
2023-07-14,8334.96,0.05,11.6693,3049.98
2023-07-17,8457.51,0.05,11.6777,3002.63
2023-07-18,8410.25,0.05,11.7432,3020.8
2023-07-19,8258.03,0.05,11.5987,3003.51
2023-07-20,8344.98,0.05,11.7223,2974.93
2023-07-21,8291.36,0.05,11.7871,2946.39
2023-07-24,8360.52,0.05,11.7481,2958.79
2023-07-25,8200.7,0.05,11.8513,2953.76
2023-07-26,8277.54,0.05,11.8311,2910.25
2023-07-27,8181.16,0.05,11.7942,2923.68
2023-07-28,8244.46,0.05,11.8345,2886.91
2023-07-31,8248.94,0.05,11.7476,2891.41
2023-08-01,8173.89,0.05,11.8329,2898.49
2023-08-02,8143.94,0.05,11.7467,2922.56
2023-08-03,8203.31,0.05,11.6616,2970.7
2023-08-04,8215.29,0.05,11.5885,2935.31
2023-08-07,8266.74,0.05,11.6512,2934.81
2023-08-08,8435.13,0.05,11.6019,2928.4
2023-08-09,8307.53,0.05,11.4939,2940.73
2023-08-10,8446.35,0.05,11.4462,2947.33
2023-08-11,8458.56,0.05,11.4445,2938.87
2023-08-14,8386.23,0.05,11.3512,2928.11
2023-08-15,8278.71,0.05,11.261,2899.71
2023-08-16,8266.38,0.05,11.4296,2926.48
2023-08-17,8346.25,0.05,11.3618,2939.48
2023-08-18,8338.95,0.05,11.3371,2964.75
2023-08-21,8469.31,0.05,11.3089,2957.37
2023-08-22,8350.63,0.05,11.2765,2940.82
2023-08-23,8352.96,0.05,11.3265,2913.29
2023-08-24,8252.3,0.05,11.4029,2923.6
2023-08-25,8285.68,0.05,11.3794,2897.23
2023-08-28,8362.83,0.05,11.2822,2946.72
2023-08-29,8331.05,0.05,11.3842,2913.12
2023-08-30,8120.14,0.05,11.3775,2921.18
2023-08-31,8139.57,0.05,11.5171,2963.56
2023-09-01,8178.46,0.05,11.3384,2980.47
2023-09-04,8214.88,0.05,11.3548,2986.08
2023-09-05,8320.36,0.05,11.5093,2961.06
2023-09-06,8235.01,0.05,11.4818,2925.34
2023-09-07,8294.54,0.05,11.4646,2946.57
2023-09-08,8397.4,0.05,11.4892,2987.68
2023-09-11,8252.66,0.05,11.4453,2976.79
2023-09-12,8282.4,0.05,11.4212,2947.32
2023-09-13,8244.04,0.05,11.3952,2883.69
2023-09-14,8240.62,0.05,11.3461,2859.21
2023-09-15,8272.63,0.05,11.4451,2857.14
2023-09-18,8235.71,0.05,11.483,2899.43
2023-09-19,8183.52,0.05,11.5041,2917.92
2023-09-20,8189.6,0.05,11.5703,2926.82
2023-09-21,8104.28,0.05,11.5498,2917.18
2023-09-22,8019.96,0.05,11.4883,2902.78
2023-09-25,8077.86,0.05,11.4409,2940.62
2023-09-26,7988.79,0.05,11.4419,2946.82
2023-09-27,8045.42,0.05,11.3583,2892.45
2023-09-28,8085.96,0.05,11.3195,2875.83
2023-09-29,7950.78,0.05,11.2796,2854.56
2023-10-02,7900.25,0.05,11.4495,2841.41
2023-10-03,7998.36,0.05,11.2302,2856.7
2023-10-04,7923.43,0.05,11.217,2854.79
2023-10-05,7889.87,0.05,11.3543,2853.67
2023-10-06,7929.59,0.05,11.3649,2888.48
2023-10-09,7995.15,0.05,11.4259,2871.29
2023-10-10,7978.25,0.05,11.4348,2920.74
2023-10-11,7933.9,0.05,11.3824,2904.02
2023-10-12,8050.77,0.05,11.2061,2907.23
2023-10-13,8195.27,0.05,11.2231,2900.75
2023-10-16,8279.19,0.05,11.1632,2904.84
2023-10-17,8289.58,0.05,11.1017,2917.36
2023-10-18,8226.13,0.05,11.0639,2929.66
2023-10-19,8161.37,0.05,11.2008,2910.74
2023-10-20,8207.41,0.05,11.3918,2882.34
2023-10-23,8245.11,0.05,11.4101,2948.89
2023-10-24,8364.84,0.05,11.3739,2936.96
2023-10-25,8422.79,0.05,11.2815,2956.38
2023-10-26,8300.46,0.05,11.3194,2914.79
2023-10-27,8391.59,0.05,11.4625,2908.34
2023-10-30,8311.58,0.05,11.4436,2905.88
2023-10-31,8283.04,0.05,11.2555,2919.15
2023-11-01,8307.11,0.05,11.3093,2849.35
2023-11-02,8477.95,0.05,11.3885,2854.47
2023-11-03,8749.25,0.05,11.2637,2825.93
2023-11-06,8806.01,0.05,11.2785,2835.04
2023-11-07,8793.41,0.05,11.3151,2809.56
2023-11-08,8844.08,0.05,11.3102,2788.85
2023-11-09,8926.5,0.05,11.2487,2782.83
2023-11-10,8901.48,0.05,11.3299,2757.42
2023-11-13,9066.35,0.05,11.2988,2746.47
2023-11-14,9090.87,0.05,11.1829,2717.95
2023-11-15,9139.89,0.05,11.0245,2674.27
2023-11-16,9204.64,0.05,11.1231,2699.7
2023-11-17,9247.22,0.05,11.1721,2669.19
2023-11-20,9328.86,0.05,11.1799,2665.7
2023-11-21,9275.16,0.05,11.1464,2684.63
2023-11-22,9227.21,0.05,11.1061,2670.61
2023-11-23,9129.91,0.05,11.0236,2651.65
2023-11-24,9173.79,0.05,10.9913,2657.85
2023-11-27,9249.22,0.05,10.8302,2685.53
2023-11-28,9295.38,0.05,10.7754,2658.22
2023-11-29,9456.12,0.05,10.7528,2655.42
2023-11-30,9459.38,0.05,10.7997,2615.12
2023-12-01,9526.66,0.05,10.7976,2606.67
2023-12-04,9426.99,0.05,10.8587,2608.25
2023-12-05,9394.33,0.05,10.9626,2589.05
2023-12-06,9463.68,0.05,11.045,2579.19
2023-12-07,9548.2,0.05,11.0823,2547.47
2023-12-08,9523.98,0.05,11.0841,2550.01
2023-12-11,9520.97,0.05,11.0092,2575.12
2023-12-12,9381.3,0.05,11.0672,2550.59
2023-12-13,9351.6,0.05,11.199,2537.09
2023-12-14,9439.01,0.05,11.2268,2549.36
2023-12-15,9497.26,0.05,11.3794,2578.09
2023-12-18,9548.75,0.05,11.2594,2544.44
2023-12-19,9557.32,0.068,11.1697,2541.34
2023-12-20,9561.82,0.05,11.2376,2548.59
2023-12-21,9502.69,0.05,11.2593,2547.02
2023-12-22,9573.16,0.05,11.3643,2491.62
2023-12-25,9617.39,0.05,11.364,2503.63
2023-12-26,9668.7,0.05,11.296,2538.86
2023-12-27,9621.82,0.05,11.2801,2542.29
2023-12-28,9420.61,0.077,11.1606,2519.56
2023-12-29,9528.35,0.111,11.0736,2508.71
2024-01-01,9486.62,0.123,11.1502,2549.75
2024-01-02,9408.89,0.074,11.2194,2571.49
2024-01-03,9478.16,0.067,11.2488,2587.12
2024-01-04,9444.85,0.105,11.115,2596.21
2024-01-05,9549.31,0.103,11.0881,2581.59
2024-01-08,9612.26,0.12,10.9943,2577.7
2024-01-09,9682.06,0.109,11.0861,2576.67
2024-01-10,9554.53,0.073,11.0417,2590.22
2024-01-11,9674.9,0.069,10.959,2626.43
2024-01-12,9704.09,0.08,10.9622,2653.79
2024-01-15,9672.19,0.057,10.914,2620.89
2024-01-16,9689.94,0.05,11.0289,2626.97
2024-01-17,9523.15,0.05,10.9732,2645.24
2024-01-18,9565.97,0.055,10.8671,2660.81
2024-01-19,9471.8,0.05,10.7054,2646.58
2024-01-22,9348.28,0.096,10.7039,2717.72
2024-01-23,9210.72,0.149,10.6628,2687.47
2024-01-24,9317.51,0.147,10.5575,2662.2
2024-01-25,9262.77,0.111,10.6466,2668.6
2024-01-26,9409.69,0.05,10.6973,2720.75
2024-01-29,9363.15,0.05,10.696,2701.16
2024-01-30,9208.33,0.05,10.7996,2695.51
2024-01-31,9109.73,0.05,10.8506,2722.59
2024-02-01,9226.7,0.05,10.7892,2722.97
2024-02-02,9216.01,0.05,10.7118,2715.6
2024-02-05,9169.29,0.05,10.7742,2730.27
2024-02-06,9187.65,0.05,10.805,2737.8
2024-02-07,9237.56,0.05,10.8187,2764.14
2024-02-08,9345.09,0.05,10.7556,2797.29
2024-02-09,9485.24,0.05,10.8024,2805.87
2024-02-12,9454.95,0.05,10.7463,2814.09
2024-02-13,9334.14,0.05,10.7395,2820.37
2024-02-14,9299.34,0.05,10.8497,2833.66
2024-02-15,9327.31,0.05,10.8004,2835.92
2024-02-16,9241.54,0.05,10.683,2836.75
2024-02-19,9157.17,0.084,10.6055,2868.33
2024-02-20,9192.38,0.05,10.6804,2908.61
2024-02-21,9191.59,0.05,10.7003,2870.27
2024-02-22,9198.28,0.05,10.6915,2871.39
2024-02-23,9132.43,0.051,10.6543,2854.51
2024-02-26,9115.06,0.05,10.6914,2847.38
2024-02-27,9034.81,0.05,10.6289,2858.57
2024-02-28,9119.25,0.051,10.6525,2876.71
2024-02-29,9217.83,0.16,10.599,2874.67
2024-03-01,9052.84,0.188,10.5335,2826.44
2024-03-04,8972.67,0.159,10.4874,2802.84
2024-03-05,8842.92,0.144,10.4607,2826.39
2024-03-06,8789.14,0.128,10.458,2758.36
2024-03-07,8785.33,0.065,10.4761,2788.84
2024-03-08,8662.35,0.054,10.2099,2802.79
2024-03-11,8586.3,0.079,10.1531,2837.04
2024-03-12,8503.93,0.05,10.1261,2832.82
2024-03-13,8524.98,0.072,10.2342,2781.59
2024-03-14,8534.31,0.089,10.1579,2793.22
2024-03-15,8476.33,0.063,10.1703,2826.3
2024-03-18,8494.72,0.058,10.2781,2850.77
2024-03-19,8451.79,0.114,10.1849,2834.67
2024-03-20,8432.24,0.14,10.2139,2837.73
2024-03-21,8577.96,0.14,10.1575,2825.01
2024-03-22,8697.2,0.132,10.1225,2805.09
2024-03-25,8588.34,0.135,10.0665,2830.17
2024-03-26,8663.36,0.117,10.0159,2800.67
2024-03-27,8737.43,0.05,10.2094,2779.06
2024-03-28,8641.13,0.115,10.2707,2752.41
2024-03-29,8715.66,0.12,10.3511,2716.56
2024-04-01,8854.28,0.134,10.3876,2720.95
2024-04-02,8758.95,0.132,10.2723,2750.37
2024-04-03,8682.42,0.106,10.3016,2746.62
2024-04-04,8774.74,0.1,10.3801,2710.47
2024-04-05,8802.12,0.05,10.3191,2731.85
2024-04-08,8854.33,0.124,10.3899,2774.45
2024-04-09,8888.1,0.081,10.442,2759.18
2024-04-10,8926.46,0.05,10.5791,2748.15
2024-04-11,8812.36,0.05,10.5491,2761.76
2024-04-12,8908.7,0.074,10.4692,2803.21
2024-04-15,9017.11,0.075,10.4436,2790.97
2024-04-16,9000.05,0.05,10.5499,2758.52
2024-04-17,8999.74,0.076,10.4165,2775.08
2024-04-18,8866.54,0.101,10.2676,2795.94
2024-04-19,8915.82,0.12,10.2749,2796.94
2024-04-22,8970.55,0.145,10.2439,2783.76
2024-04-23,8968.56,0.229,10.2453,2809.63
2024-04-24,9073.6,0.306,10.3141,2823.86
2024-04-25,9046.96,0.282,10.2751,2805.24
2024-04-26,9101.82,0.339,10.1421,2807.32
2024-04-29,9013.09,0.352,10.2891,2774.2
2024-04-30,9014.57,0.37,10.2184,2792.22
2024-05-01,9002.47,0.31,10.1437,2786.47
2024-05-02,9026.38,0.304,10.2232,2776.4
2024-05-03,8996.69,0.276,10.1965,2776.41
2024-05-06,8988.46,0.305,10.1928,2778.25
2024-05-07,9066.64,0.343,10.2282,2801.56
2024-05-08,9030.74,0.27,10.3069,2817.35
2024-05-09,8890.37,0.269,10.2836,2814.23
2024-05-10,9050.9,0.309,10.3945,2834.49
2024-05-13,9180.48,0.302,10.2411,2845.59
2024-05-14,9066.23,0.328,10.2965,2835.53
2024-05-15,9132.63,0.34,10.237,2833.2
2024-05-16,9090.45,0.352,10.3366,2830.27
2024-05-17,9118.08,0.343,10.3477,2844.02
2024-05-20,9148.6,0.3,10.2999,2835.5
2024-05-21,9130.83,0.261,10.3486,2826.4
2024-05-22,9063.17,0.286,10.4144,2877.79
2024-05-23,9004.4,0.287,10.4621,2903.1
2024-05-24,8925.85,0.282,10.3878,2884.16
2024-05-27,8855.46,0.267,10.3535,2899.89
2024-05-28,8853.05,0.256,10.354,2903.85
2024-05-29,8793.43,0.293,10.3519,2914.98
2024-05-30,8857.15,0.281,10.4072,2919.46
2024-05-31,8993.46,0.234,10.2622,2951.77
2024-06-03,8945.02,0.261,10.2871,2961.85
2024-06-04,8970.05,0.253,10.2671,2961.09
2024-06-05,9018.59,0.255,10.2078,2989.89
2024-06-06,9064.88,0.311,10.1557,2997.07
2024-06-07,9075.4,0.31,10.1413,3001.25
2024-06-10,9146.71,0.32,9.8896,3010.65
2024-06-11,9194.6,0.279,9.842,3009.02
2024-06-12,9085.14,0.272,9.7826,3010.17
2024-06-13,9168.11,0.293,9.8199,2995.21
2024-06-14,9253.52,0.239,9.7655,2975.93
2024-06-17,9186.84,0.246,9.7516,2950.19
2024-06-18,9194.0,0.249,9.8582,2914.33
2024-06-19,9260.74,0.251,9.9279,2892.22
2024-06-20,9245.08,0.287,9.9916,2888.55
2024-06-21,9348.55,0.299,9.9575,2892.1
2024-06-24,9576.0,0.351,9.9962,2885.91
2024-06-25,9504.83,0.316,9.9807,2826.22
2024-06-26,9378.21,0.321,9.9678,2867.41
2024-06-27,9410.51,0.324,9.9972,2896.46
2024-06-28,9482.45,0.286,9.9563,2908.98
2024-07-01,9464.37,0.32,10.0617,2960.23
2024-07-02,9606.76,0.401,10.0512,2935.19
2024-07-03,9482.81,0.401,10.0956,2986.38
2024-07-04,9552.57,0.418,10.1998,2961.43
2024-07-05,9498.67,0.421,10.2746,2968.69
2024-07-08,9667.26,0.396,10.1746,2935.73
2024-07-09,9865.76,0.333,10.2071,2937.0
2024-07-10,9794.33,0.308,10.2689,2948.11
2024-07-11,9744.55,0.259,10.334,2944.9
2024-07-12,9832.61,0.319,10.2546,2964.77
2024-07-15,9798.54,0.315,10.2084,2968.3
2024-07-16,9798.0,0.303,10.2805,2955.26
2024-07-17,9804.41,0.334,10.2267,2941.11
2024-07-18,9621.84,0.295,10.2061,2963.54
2024-07-19,9624.36,0.268,10.3201,2947.04
2024-07-22,9562.03,0.271,10.3175,2972.31
2024-07-23,9518.8,0.307,10.2659,3006.1
2024-07-24,9661.08,0.324,10.2039,2962.18
2024-07-25,9544.26,0.333,10.2285,2993.44
2024-07-26,9626.04,0.336,10.1343,3050.38
2024-07-29,9603.07,0.35,10.1176,3058.22
2024-07-30,9580.07,0.357,10.142,3075.68
2024-07-31,9659.95,0.321,10.2355,3105.45
2024-08-01,9696.74,0.323,10.2843,3098.69
2024-08-02,9756.13,0.285,10.2338,3104.71
2024-08-05,9854.98,0.288,10.3194,3069.12
2024-08-06,9826.32,0.271,10.2986,3073.88
2024-08-07,9770.25,0.36,10.2107,3088.61
2024-08-08,9668.67,0.359,10.1992,3103.93
2024-08-09,9593.03,0.31,10.3033,3134.77
2024-08-12,9884.1,0.305,10.316,3113.92
2024-08-13,10011.9,0.323,10.3177,3099.96
2024-08-14,9881.49,0.382,10.4375,3154.25
2024-08-15,9755.57,0.361,10.3343,3150.93
2024-08-16,9806.62,0.306,10.2425,3157.55
2024-08-19,9864.38,0.335,10.1281,3156.6
2024-08-20,9922.64,0.286,10.1554,3134.28
2024-08-21,9901.33,0.271,10.168,3181.37
2024-08-22,9892.87,0.262,10.2793,3167.24
2024-08-23,9929.34,0.26,10.2976,3136.21
2024-08-26,9941.84,0.284,10.2694,3124.45
2024-08-27,9727.52,0.26,10.2703,3069.59
2024-08-28,9709.08,0.251,10.2796,3052.56
2024-08-29,9630.62,0.25,10.1608,3026.99
2024-08-30,9651.37,0.256,10.3563,3044.77
2024-09-02,9947.81,0.259,10.3948,3027.28
2024-09-03,9988.42,0.274,10.411,3052.48
2024-09-04,9961.14,0.304,10.4567,3092.07
2024-09-05,10057.41,0.318,10.5096,3114.82
2024-09-06,10110.12,0.334,10.5001,3109.72
2024-09-09,10156.74,0.278,10.4547,3114.61
2024-09-10,10222.65,0.28,10.4995,3073.08
2024-09-11,10439.24,0.297,10.5287,3070.3
2024-09-12,10325.97,0.322,10.47,3047.53
2024-09-13,10379.15,0.298,10.5754,3067.55
2024-09-16,10287.56,0.275,10.598,3140.35
2024-09-17,10349.0,0.255,10.6531,3155.46
2024-09-18,10258.47,0.274,10.7583,3100.34
2024-09-19,10219.83,0.31,10.7608,3091.21
2024-09-20,10193.79,0.296,10.7856,3095.55
2024-09-23,10297.87,0.328,10.8478,3098.91
2024-09-24,10397.04,0.332,10.7937,3079.52
2024-09-25,10272.44,0.328,10.7987,3087.25
2024-09-26,10282.19,0.321,10.809,3053.84
2024-09-27,10213.58,0.347,10.7378,3028.88
2024-09-30,10089.88,0.358,10.9143,3047.45
2024-10-01,10072.03,0.438,10.8082,3020.63
2024-10-02,10045.03,0.408,10.7112,3036.21
2024-10-03,10295.89,0.426,10.8111,2999.92
2024-10-04,10344.7,0.408,10.8661,3048.86
2024-10-07,10207.25,0.378,10.7892,3028.6
2024-10-08,10153.83,0.377,10.836,3023.41
2024-10-09,10262.17,0.382,10.9488,3033.33
2024-10-10,10482.94,0.484,10.9474,3018.84
2024-10-11,10322.12,0.478,11.1492,3023.65
2024-10-14,10133.94,0.438,11.0164,3040.26
2024-10-15,10329.45,0.448,11.0709,3067.58
2024-10-16,10373.93,0.375,11.1626,3090.43
2024-10-17,10288.35,0.372,11.2333,3086.58
2024-10-18,10347.64,0.373,11.2182,3083.44
2024-10-21,10082.5,0.401,11.1963,3150.27
2024-10-22,10086.88,0.435,11.232,3178.27
2024-10-23,10124.05,0.417,11.2973,3152.95
2024-10-24,10222.14,0.412,11.3459,3156.74
2024-10-25,10123.07,0.385,11.4297,3148.18
2024-10-28,10135.8,0.346,11.3494,3145.29
2024-10-29,10046.45,0.357,11.3322,3111.61
2024-10-30,10076.17,0.312,11.2588,3101.02
2024-10-31,9990.36,0.298,11.2293,3152.94
2024-11-01,9953.65,0.263,11.3103,3170.37
2024-11-04,9858.96,0.282,11.3198,3101.01
2024-11-05,9927.34,0.345,11.5292,3136.09
2024-11-06,10016.93,0.3,11.5457,3167.95
2024-11-07,9997.46,0.235,11.5514,3158.67
2024-11-08,10005.28,0.231,11.561,3180.08
2024-11-11,9865.34,0.231,11.5104,3156.53
2024-11-12,9839.75,0.239,11.5066,3144.14
2024-11-13,9838.75,0.223,11.5988,3187.79
2024-11-14,10104.05,0.216,11.609,3180.95
2024-11-15,9996.32,0.229,11.5456,3128.81
2024-11-18,10147.81,0.266,11.472,3127.97
2024-11-19,10253.58,0.197,11.4368,3126.7
2024-11-20,10286.51,0.185,11.4436,3161.55
2024-11-21,10473.2,0.192,11.5406,3162.91
2024-11-22,10516.45,0.16,11.4337,3151.87
2024-11-25,10561.68,0.221,11.409,3182.61
2024-11-26,10560.29,0.199,11.4215,3187.03
2024-11-27,10694.58,0.197,11.2767,3166.54
2024-11-28,10816.81,0.217,11.212,3200.59
2024-11-29,10753.64,0.196,11.1597,3207.13
2024-12-02,10616.95,0.131,11.0985,3208.18
2024-12-03,10599.66,0.116,11.1143,3214.28
2024-12-04,10519.41,0.153,11.1027,3184.42
2024-12-05,10516.93,0.141,11.0606,3170.28
2024-12-06,10652.14,0.111,11.0946,3171.33
2024-12-09,10607.78,0.144,11.2302,3166.73
2024-12-10,10607.48,0.132,11.3607,3204.17
2024-12-11,10617.89,0.114,11.2097,3211.4
2024-12-12,10712.64,0.12,11.256,3237.18
2024-12-13,10478.81,0.147,11.2428,3238.43
2024-12-16,10419.6,0.23,11.256,3270.34
2024-12-17,10445.81,0.259,11.2255,3283.05
2024-12-18,10576.16,0.3,11.2357,3284.43
2024-12-19,10528.47,0.282,11.2485,3285.02
2024-12-20,10336.87,0.246,11.2039,3257.9
2024-12-23,10405.29,0.248,11.1347,3273.78
2024-12-24,10343.53,0.252,11.1007,3273.58
2024-12-25,10225.29,0.215,11.1198,3259.8
2024-12-26,10165.72,0.208,11.1674,3293.41
2024-12-27,10151.03,0.222,11.2352,3257.54
2024-12-30,10093.87,0.235,11.1973,3246.15
2024-12-31,9877.63,0.253,11.2205,3277.3
